fixed acidity,volatile acidity,citric acid,residual sugar,chlorides,free sulfur dioxide,total sulfur dioxide,density,pH,sulphates,alcohol,quality
-0.5538537430851231,1.0372132811745787,-1.3874125317856998,-0.5649848029987127,-0.26206153076992295,-0.439085376330035,-0.24357909821817914,0.6299847668268013,1.3724976132461622,-0.6353821699048403,-0.9967764610122684,5
-0.3109909588992261,2.098932600985629,-1.3874125317856998,0.24425453450810958,0.7712372597618615,1.0639518032186277,0.7936934819747061,0.04787438661912772,-0.8237901234683,0.2897714955957501,-0.604721136741585,5
-0.3109909588992261,1.3911197211115955,-1.1782137654230596,-0.1025623244233859,0.4894284987077383,-0.009646182173274296,0.3515773002531485,0.16429646266064948,-0.39870217442679345,0.058483079220602266,-0.604721136741585,5
1.753342706680901,-1.4401317983845372,1.5413701972912641,-0.5649848029987127,-0.3090296576122768,0.20507341490510608,0.5556309225861751,0.746406842868323,-1.1071820894959732,-0.4811898923214093,-0.604721136741585,6
-0.5538537430851231,1.0372132811745787,-1.3874125317856998,-0.5649848029987127,-0.26206153076992295,-0.439085376330035,-0.3286014408569402,0.6299847668268013,1.3724976132461622,-0.6353821699048403,-0.9967764610122684,5
-0.5538537430851231,0.8012756545499014,-1.3874125317856998,-0.6805904226425442,-0.3090296576122768,-0.22436577925165468,-0.12454781852391363,0.6299847668268013,1.3724976132461622,-0.6353821699048403,-0.9967764610122684,5
-0.2502752628527515,0.4473692146128844,-1.0736143822417394,-0.9118016619302076,-0.5908384186663994,-0.009646182173274296,0.5216219855306706,-0.18496976546398047,-0.1153102083991203,-1.4063435578219994,-0.9967764610122684,5
-0.6145694391315978,0.7422912478937319,-1.3874125317856998,-1.3742241405055347,-0.7787109260358148,-0.009646182173274296,-0.7707176225784979,-1.2327684498377411,0.5223217151631458,-1.3292474190302839,-0.4086934746062441,7
-0.3109909588992261,0.32940040130054543,-1.2828131486043797,-0.44937918335488086,-0.40296591129698456,-0.6538049734084155,-0.8727444337450112,0.04787438661912772,0.3097777406423894,-0.5582860311131252,-0.898762629944598,7
-0.49313804703864905,-0.14247485194880982,0.49537636547806246,4.290451222042219,-0.49690216498169226,0.20507341490510608,1.9840062789173614,0.6299847668268013,0.23892974913547269,1.2149251610963405,0.08137568073210971,5
-0.9788636154104436,0.32940040130054543,-0.9690149990604192,-0.6805904226425442,0.7242691329195077,-0.009646182173274296,0.7256756078636972,-0.4760249555677849,-0.2570061914129569,-0.7895744474882722,-1.192804123147611,5
-0.49313804703864905,-0.14247485194880982,0.49537636547806246,4.290451222042219,-0.49690216498169226,0.20507341490510608,1.9840062789173614,0.6299847668268013,0.23892974913547269,1.2149251610963405,0.08137568073210971,5
-1.6467362719216616,0.5358458245971387,-1.3874125317856998,-0.9118016619302076,0.3485241181806767,0.0977136163659159,0.5216219855306706,-1.4074015639000883,1.8684335537945918,-0.9437667250717041,-0.5067073056739145,5
0.11401891342609434,-1.4401317983845372,1.5413701972912641,-0.6805904226425442,0.4894284987077383,2.1375497886105297,2.018015215972866,0.10608542463988861,-0.1153102083991203,0.8294444671377608,0.08137568073210971,7
-0.5538537430851231,0.38838480795671493,-0.9690149990604192,2.3251556880970807,0.20761973765361508,-0.975884369025986,-0.4986461261344624,0.39714061474369305,0.45147372365622596,-1.097959002655136,-1.3888317852829517,4
0.3568816976119919,-1.7940382383215543,1.1229726645659832,-0.6805904226425442,-0.21509340392756907,1.4933909973753883,0.5556309225861751,0.04787438661912772,0.5223217151631458,-0.8666705862799882,-0.9967764610122684,6
-0.4324223509921749,-0.7913033251666736,0.2338779075247622,-0.1025623244233859,0.01974723028420026,0.8492322061402472,0.9297292301967238,0.8628289189098448,1.443345604753082,0.058483079220602266,-0.7027349678092571,5
-0.2502752628527515,-0.5553656985419959,-0.2891190083818385,-0.9118016619302076,1.1469822745006917,-0.5464451748692253,-0.22657462969042694,-0.06854768942239406,-1.0363340979890565,2.062982687805215,-0.898762629944598,5
0.11401891342609434,-0.2014592586049793,-0.8121159242884392,-0.1025623244233859,0.113683483968908,-0.6538049734084155,0.7936934819747061,0.04787438661912772,-1.0363340979890565,-0.8666705862799882,-0.9967764610122684,5
-0.8574322233174948,-0.732318918510504,-0.6552168495164589,0.013043295220445918,0.16065161081126186,0.6345126090618668,-0.12454781852391363,0.04787438661912772,0.805713681190819,-0.09570919836282961,-0.7027349678092571,6
-1.2217263995963412,-0.7913033251666736,-0.5506174663351387,-1.1430129012178714,-0.07418902340050748,-0.439085376330035,-0.7026997484674891,-0.7088691076508284,0.16808175762855285,-0.6353821699048403,-1.0947902920799388,5
-0.4324223509921749,-0.6733345118543349,-0.1322199336098583,-0.6805904226425442,-0.07418902340050748,-1.1906039661043664,-1.1108069931335423,-0.30139184150550224,-0.2570061914129569,-0.40409375352969334,-0.898762629944598,5
-0.2502752628527515,-0.5553656985419959,-0.2891190083818385,-0.9118016619302076,1.1469822745006917,-0.5464451748692253,-0.22657462969042694,-0.06854768942239406,-1.0363340979890565,2.062982687805215,-0.898762629944598,5
-0.7360008312245466,1.0961976878307482,-1.3874125317856998,-0.5649848029987127,-0.07418902340050748,-0.11700598071246449,-0.2945925038014358,0.2807185387021713,1.0891056472184921,-0.7124783086965563,-0.9967764610122684,5
-0.3109909588992261,0.7127990445656471,-1.3874125317856998,-0.44937918335488086,0.01974723028420026,-0.7611647719476056,-0.94076230785602,-0.18496976546398047,0.45147372365622596,-0.40409375352969334,-0.604721136741585,6
-0.9788636154104436,0.8897522645341556,-1.0213146906510793,0.013043295220445918,0.3485241181806767,0.20507341490510608,1.3038275378072726,-0.5342359935885458,0.23892974913547269,-0.7895744474882722,-0.3106796435385737,5
-0.8574322233174948,0.9487366711903251,-1.3874125317856998,0.12864891486427774,1.1000141476583378,0.741872407601057,-0.22657462969042694,-0.06854768942239406,1.0182576557115723,-0.5582860311131252,0.17938951179978013,6
-0.007412478666853906,0.7717834512218167,-0.7598162326977791,-0.1025623244233859,0.06671535712655413,-0.009646182173274296,2.35810458652791,-0.06854768942239406,-1.0363340979890565,0.1355792180123182,-0.604721136741585,5
-1.8895990561075586,-1.2041941717598597,-0.07992024201919819,-0.6805904226425442,1.0060778939736301,-0.22436577925165468,0.2155415520311307,-0.5924470316093067,0.45147372365622596,-0.7124783086965563,-1.192804123147611,5
-0.3109909588992261,0.7127990445656471,-1.3874125317856998,3.5968175041792296,0.20761973765361508,-1.0832441675651763,-0.8727444337450112,1.095673070992953,0.5931697066700625,-0.7124783086965563,-0.8007487988769275,6
-0.3109909588992261,0.4473692146128844,-0.6552168495164589,0.013043295220445918,0.20761973765361508,-1.2979637646435567,-0.9747712449115244,0.45535165276451856,0.7348656896838991,-0.32699761473797745,0.3754171739351227,6
-0.12884387075980322,-0.850287731822843,0.07697883275278215,-0.33377356371104905,-0.731742799193461,-0.22436577925165468,-0.46463718907895796,0.04787438661912772,-0.6112461489475467,0.675252189554329,-0.7027349678092571,7
-0.6145694391315978,-0.4373968852296569,0.49537636547806246,4.059239982754557,-0.3559977844546307,-0.3317255777908449,1.4738722230847947,0.6299847668268013,0.09723376612163613,1.4462135774714875,0.08137568073210971,5
-0.6145694391315978,-0.4373968852296569,0.49537636547806246,4.059239982754557,-0.3559977844546307,-0.3317255777908449,1.4738722230847947,0.6299847668268013,0.09723376612163613,1.4462135774714875,0.08137568073210971,5
0.29616600156551776,0.5063536212690539,0.1815782159341021,0.4754657737957727,0.30155599133832284,0.20507341490510608,0.07950580380911298,0.5135626907852795,-0.39870217442679345,-1.02086286386342,-1.0947902920799388,4
-0.9181479193639694,0.8602600612060709,-1.2828131486043797,-0.6805904226425442,-1.4832328286711223,-1.0832441675651763,-1.1108069931335423,-0.30139184150550224,1.1599536387254088,-0.9437667250717041,-0.898762629944598,5
-0.37170665494570027,2.4233468375945613,0.861474206612683,-0.2181679440672172,1.5227272892395227,0.741872407601057,2.3921135235834146,0.16429646266064948,-0.46955016593371013,0.675252189554329,-1.192804123147611,5
0.23545030551904259,-1.381147391728368,1.3321714309286237,-0.9118016619302076,1.4757591623971689,-0.3317255777908449,-0.22657462969042694,0.10608542463988861,-0.46955016593371013,-0.4811898923214093,-0.898762629944598,5
-1.1610107035498665,-0.732318918510504,-0.18451962520051826,-0.9118016619302076,-0.731742799193461,-1.0832441675651763,-1.0767980560780377,-0.5342359935885458,0.16808175762855285,-0.6353821699048403,-1.192804123147611,5
-1.6467362719216616,-1.2631785784160292,0.5476760570687226,-1.1430129012178714,-0.3559977844546307,-0.3317255777908449,1.7799526565843347,-0.767080145671654,0.02638577461471627,-0.4811898923214093,-1.192804123147611,5
0.29616600156551776,0.8012756545499014,-0.02762055042853807,-0.7961960422863761,-0.3559977844546307,-1.1906039661043664,-0.7026997484674891,0.2225075006814104,-1.178030081002893,0.7523483283460448,-1.192804123147611,5
-1.0395793114569183,-0.024506038636470828,-1.1782137654230596,-0.2181679440672172,-0.5908384186663994,-0.7611647719476056,-0.9747712449115244,-0.6506580696300676,0.5931697066700625,-0.09570919836282961,-0.9967764610122684,6
-1.0395793114569183,-0.14247485194880982,-1.1782137654230596,-0.33377356371104905,-0.6378065455087533,-0.975884369025986,-1.008780181967029,-0.7088691076508284,0.5223217151631458,-0.018613059571113668,-0.9967764610122684,6
0.17473460947256847,-0.850287731822843,0.49537636547806246,0.7066770130834363,-0.027220896558153608,1.6007507959145786,2.5621582088609367,0.16429646266064948,-0.8237901234683,-0.6353821699048403,-0.9967764610122684,5
-0.4324223509921749,-0.08349044529264033,-0.6029171579257989,0.4754657737957727,1.3348547818701073,1.922830191532149,0.9977471043077327,-0.7088691076508284,-1.0363340979890565,-0.09570919836282961,-0.2126658124709033,6
-0.37170665494570027,0.5653380279252235,-1.1782137654230596,1.63152197023409,0.113683483968908,1.0639518032186277,0.04549686675360855,0.6299847668268013,0.16808175762855285,-0.8666705862799882,-0.898762629944598,5
1.1461857462161575,-0.6143501051981654,1.5936698888819236,1.1690994916587631,-0.5438702918240454,-1.1906039661043664,-1.1448159301890466,0.2225075006814104,-1.9573579875789926,-0.09570919836282961,-0.8007487988769275,5
-0.3109909588992261,0.38838480795671493,-0.4460180831538187,-0.1025623244233859,-0.26206153076992295,0.20507341490510608,0.3515773002531485,0.45535165276451856,0.805713681190819,-0.40409375352969334,-0.4086934746062441,5
-0.6145694391315978,-0.7913033251666736,0.2338779075247622,0.013043295220445918,-0.3559977844546307,-0.6538049734084155,0.07950580380911298,-0.30139184150550224,0.6640176981769824,-0.7895744474882722,-0.9967764610122684,6
0.29616600156551776,-0.732318918510504,0.704575131840703,-0.2181679440672172,-0.12115715024286135,0.41979301198348645,0.2835594261421396,0.746406842868323,0.8765616726977357,-0.018613059571113668,-1.192804123147611,5
-0.37170665494570027,0.9782288745184092,1.1752723561566434,-0.6805904226425442,1.5696954160818766,0.5271528105226766,2.3240956494724054,0.04787438661912772,-0.7529421319613833,0.5210599119708971,-1.0947902920799388,5
-0.49313804703864905,-0.024506038636470828,-0.5506174663351387,-0.5649848029987127,0.16065161081126186,-0.3317255777908449,-0.2945925038014358,0.04787438661912772,0.45147372365622596,-0.17280533715454555,-0.898762629944598,7
-0.7967165272710207,1.243658704471172,-1.1259140738323996,-0.44937918335488086,-0.027220896558153608,-0.22436577925165468,0.3515773002531485,-0.06854768942239406,0.5223217151631458,-0.5582860311131252,-0.604721136741585,5
-0.675285135178072,1.1846742978150024,-1.1259140738323996,2.61416973720666,0.20761973765361508,-1.1906039661043664,-1.1108069931335423,-0.30139184150550224,0.6640176981769824,-1.9460165293640104,0.4734310050027931,5
-0.675285135178072,1.1846742978150024,-1.1259140738323996,2.61416973720666,0.20761973765361508,-1.1906039661043664,-1.1108069931335423,-0.30139184150550224,0.6640176981769824,-1.9460165293640104,0.4734310050027931,5
-0.49313804703864905,-0.024506038636470828,-0.8121159242884392,-1.0274072815740394,-0.12115715024286135,-0.439085376330035,-0.15855675557941806,0.04787438661912772,0.7348656896838991,-0.4811898923214093,-0.8007487988769275,5
-1.0395793114569183,1.0667054845026633,-1.0213146906510793,-0.9118016619302076,-0.26206153076992295,-0.975884369025986,-0.9747712449115244,-0.30139184150550224,0.8765616726977357,-0.4811898923214093,0.27740334286745055,5
0.5997444817978894,-1.2041941717598597,1.5936698888819236,-0.44937918335488086,-0.3559977844546307,1.2786714002970079,0.7256756078636972,0.10608542463988861,-0.2570061914129569,1.1378290223046246,0.27740334286745055,5
-0.18955956680627734,1.0667054845026633,-1.1259140738323996,-0.5649848029987127,-0.3559977844546307,-0.7611647719476056,-0.8387354966895068,-0.30139184150550224,0.16808175762855285,2.371367242972078,0.08137568073210971,6
-0.37170665494570027,0.6243224345813929,-0.9690149990604192,-0.5649848029987127,-0.26206153076992295,-0.009646182173274296,-0.5666640002454713,-0.010336651401633168,0.02638577461471627,-0.7895744474882722,-0.898762629944598,6
-0.37170665494570027,0.8602600612060709,-0.18451962520051826,-0.33377356371104905,0.30155599133832284,0.20507341490510608,1.7799526565843347,-0.30139184150550224,0.02638577461471627,-1.252151280238568,-0.898762629944598,5
-0.37170665494570027,0.9782288745184092,-0.23681931679117837,-0.5649848029987127,0.113683483968908,0.31243321344429625,1.7119347824733258,-0.35960287952626313,-0.044462216892200444,-1.252151280238568,-0.898762629944598,5
-0.007412478666853906,0.8897522645341556,-0.02762055042853807,-0.33377356371104905,0.113683483968908,-0.439085376330035,-0.02252100735740032,0.5135626907852795,-0.044462216892200444,-0.8666705862799882,-1.192804123147611,4
0.842607265983786,-1.2041941717598597,1.436770814109944,0.12864891486427774,0.583364752392446,1.3860311988361982,1.3378364748627771,0.9792509949513666,-0.2570061914129569,1.3691174386797715,-0.8007487988769275,5
0.29616600156551776,-0.6733345118543349,1.9597677300165446,-0.2181679440672172,0.5363966255500922,-0.6538049734084155,-0.05652994441290476,1.095673070992953,1.5850415877669186,0.1355792180123182,0.08137568073210971,5
0.29616600156551776,-0.6733345118543349,1.9597677300165446,-0.2181679440672172,0.5363966255500922,-0.6538049734084155,-0.05652994441290476,1.095673070992953,1.5850415877669186,0.1355792180123182,0.08137568073210971,5
-0.9181479193639694,1.5385807377520193,-1.3874125317856998,0.013043295220445918,1.053046020815984,-0.11700598071246449,-0.46463718907895796,-0.06854768942239406,1.443345604753082,-0.7124783086965563,0.27740334286745055,6
-0.9788636154104436,1.3321353144554262,-0.7598162326977791,-0.44937918335488086,0.20761973765361508,-0.3317255777908449,1.2358096636962637,-0.5342359935885458,0.45147372365622596,-0.9437667250717041,-0.3106796435385737,5
-0.007412478666853906,0.5948302312533081,-0.34141869997249846,-1.0274072815740394,-0.07418902340050748,1.2786714002970079,2.5621582088609367,0.2807185387021713,-1.1071820894959732,3.682001602431249,-1.2908179542152813,4
-1.2824420956428153,-0.4373968852296569,-0.34141869997249846,-0.9118016619302076,-0.5908384186663994,-1.2979637646435567,-0.9747712449115244,-0.5342359935885458,0.6640176981769824,-0.6353821699048403,-1.192804123147611,5
-0.5538537430851231,-0.14247485194880982,1.070672972975323,-0.44937918335488086,0.20761973765361508,0.6345126090618668,0.9977471043077327,0.16429646266064948,0.3097777406423894,-0.5582860311131252,-1.2908179542152813,5
-1.2217263995963412,-1.3221629850721985,1.1229726645659832,-0.6805904226425442,-0.5908384186663994,0.31243321344429625,0.5896398596416795,-0.4760249555677849,0.8765616726977357,1.0607328835129086,-0.11465198140323113,6
-0.8574322233174948,0.15244718133203763,-0.6029171579257989,-0.2181679440672172,-0.26206153076992295,0.41979301198348645,-0.12454781852391363,-0.35960287952626313,0.6640176981769824,-0.40409375352969334,-0.3106796435385737,5
-0.37170665494570027,-0.2014592586049793,-0.02762055042853807,-0.5649848029987127,-0.9196153065628765,-0.6538049734084155,-0.43062825202345356,-0.06854768942239406,0.5223217151631458,-0.018613059571113668,-0.8007487988769275,5
-0.7967165272710207,0.5653380279252235,-0.9690149990604192,-0.6805904226425442,-0.26206153076992295,-0.7611647719476056,-0.6686908114119846,0.6299847668268013,1.1599536387254088,-0.8666705862799882,-1.3888317852829517,5
-0.2502752628527515,-0.024506038636470828,-0.02762055042853807,-0.5649848029987127,-0.12115715024286135,2.8890683783848607,3.2763458870265296,-0.18496976546398047,-0.6112461489475467,-0.7895744474882722,-0.898762629944598,5
-0.37170665494570027,-0.2014592586049793,-0.02762055042853807,-0.5649848029987127,-0.9196153065628765,-0.6538049734084155,-0.43062825202345356,-0.06854768942239406,0.5223217151631458,-0.018613059571113668,-0.8007487988769275,5
-2.0110304482005072,2.9247142941720012,-1.1782137654230596,-1.1430129012178714,-1.7180734628828915,2.7817085798456707,1.405854348973786,-1.6984567540038928,3.0728494094122007,-1.252151280238568,0.08137568073210971,4
-0.9181479193639694,1.4795963310958498,-1.3874125317856998,0.7066770130834363,0.9591097671312763,-0.7611647719476056,-0.7026997484674891,-0.12675872744315494,0.9474096642046556,-0.6353821699048403,0.27740334286745055,5
-0.7967165272710207,-0.14247485194880982,-0.07992024201919819,-0.44937918335488086,-0.5438702918240454,-1.2979637646435567,-0.7367086855229934,-0.24318080348474136,-0.46955016593371013,-0.09570919836282961,-1.192804123147611,5
-0.4324223509921749,2.216901414297968,-1.0736143822417394,0.12864891486427774,-0.12115715024286135,-1.0832441675651763,-1.1448159301890466,-0.010336651401633168,0.5223217151631458,-0.6353821699048403,-0.604721136741585,5
-0.12884387075980322,0.1229549780039529,-0.4460180831538187,-0.5649848029987127,-0.07418902340050748,-0.22436577925165468,-0.2945925038014358,0.2807185387021713,-0.1153102083991203,-0.40409375352969334,-1.3888317852829517,6
-0.007412478666853906,0.5063536212690539,0.1815782159341021,-0.33377356371104905,0.113683483968908,-0.439085376330035,0.2155415520311307,0.2807185387021713,0.5931697066700625,-0.2499014759462615,-0.2126658124709033,6
-0.3109909588992261,-0.14247485194880982,0.1815782159341021,-0.5649848029987127,-0.3090296576122768,-0.7611647719476056,-0.7367086855229934,-0.4760249555677849,-0.044462216892200444,-0.6353821699048403,-0.01663815033556071,6
-0.12884387075980322,0.1229549780039529,-0.4460180831538187,-0.5649848029987127,-0.07418902340050748,-0.22436577925165468,-0.2945925038014358,0.2807185387021713,-0.1153102083991203,-0.40409375352969334,-1.3888317852829517,6
-0.12884387075980322,0.2999081979724607,-0.23681931679117837,-0.33377356371104905,-0.21509340392756907,-0.3317255777908449,0.7256756078636972,-0.010336651401633168,-0.18615819990603702,-1.02086286386342,-1.192804123147611,5
-0.675285135178072,-0.2014592586049793,-0.1322199336098583,-0.2181679440672172,-0.5438702918240454,-1.0832441675651763,-0.26058356674593136,-0.417813917547024,0.09723376612163613,-1.252151280238568,-0.9967764610122684,5
-0.12884387075980322,0.2999081979724607,-0.23681931679117837,-0.33377356371104905,-0.21509340392756907,-0.3317255777908449,0.7256756078636972,-0.010336651401633168,-0.18615819990603702,-1.02086286386342,-1.192804123147611,5
-1.2824420956428153,0.6243224345813929,0.2338779075247622,-0.7961960422863761,0.30155599133832284,-0.009646182173274296,0.6916666708081928,0.10608542463988861,1.0182576557115723,1.1378290223046246,-1.0947902920799388,5
-0.18955956680627734,-1.14520976510369,1.3844711225192838,0.12864891486427774,0.4424603718653844,0.31243321344429625,1.2358096636962637,0.5135626907852795,0.3806257321493093,1.2149251610963405,-0.8007487988769275,6
-0.3109909588992261,0.21143158798820713,-0.3937183915631586,-0.6805904226425442,1.053046020815984,-0.3317255777908449,0.11351474086461742,-0.18496976546398047,-0.8946381149752198,2.217174965388647,-0.898762629944598,5
0.05330321737962022,0.5653380279252235,-0.9167153074697593,-0.2181679440672172,0.113683483968908,-0.439085376330035,2.188059901250388,-0.18496976546398047,-1.178030081002893,0.1355792180123182,-0.604721136741585,5
0.05330321737962022,0.4473692146128844,-0.8644156158790992,-0.2181679440672172,0.16065161081126186,-0.11700598071246449,2.290086712416901,-0.18496976546398047,-1.178030081002893,0.1355792180123182,-0.604721136741585,5
1.0854700501696835,-1.2631785784160292,0.9137738982033431,-0.1025623244233859,-0.07418902340050748,0.741872407601057,0.07950580380911298,1.2120951470344747,0.02638577461471627,0.21267535680403415,-0.7027349678092571,6
-0.3109909588992261,0.21143158798820713,-0.3937183915631586,-0.6805904226425442,1.053046020815984,-0.3317255777908449,0.11351474086461742,-0.18496976546398047,-0.8946381149752198,2.217174965388647,-0.898762629944598,5
0.6604601778443636,-0.732318918510504,0.2338779075247622,-0.2181679440672172,0.39549224502303054,-0.22436577925165468,0.623648796697184,-0.06854768942239406,-1.7448140130582392,-0.09570919836282961,0.08137568073210971,6
-0.007412478666853906,0.09346277467586815,0.07697883275278215,-0.5649848029987127,-0.21509340392756907,-0.439085376330035,-0.12454781852391363,0.6299847668268013,0.5223217151631458,-0.2499014759462615,-0.4086934746062441,6
-0.3109909588992261,0.21143158798820713,-0.7598162326977791,-0.44937918335488086,0.01974723028420026,-0.8685245704867958,-0.5326550631899668,0.16429646266064948,0.3806257321493093,-1.097959002655136,-0.9967764610122684,6
0.29616600156551776,0.15244718133203763,-1.1782137654230596,-0.2181679440672172,1.7575679234512913,-0.11700598071246449,0.41959517436415733,-0.30139184150550224,-0.7529421319613833,-0.32699761473797745,0.4734310050027931,6
-0.7967165272710207,0.9782288745184092,-0.9690149990604192,-0.6805904226425442,0.7242691329195077,0.741872407601057,1.5418900971958036,-0.4760249555677849,0.16808175762855285,-0.7895744474882722,-1.192804123147611,6
0.29616600156551776,0.15244718133203763,-1.1782137654230596,-0.2181679440672172,1.7575679234512913,-0.11700598071246449,0.41959517436415733,-0.30139184150550224,-0.7529421319613833,-0.32699761473797745,0.4734310050027931,6
-0.6145694391315978,1.007721077846494,-1.3874125317856998,0.12864891486427774,-0.3090296576122768,-1.2979637646435567,-1.0427891190225334,0.746406842868323,1.2308016302323286,-0.9437667250717041,-1.192804123147611,5
-0.18955956680627734,1.0961976878307482,-1.3874125317856998,0.24425453450810958,-0.07418902340050748,-0.439085376330035,-0.3286014408569402,0.5135626907852795,0.8765616726977357,-0.8666705862799882,-0.898762629944598,5
-0.3109909588992261,-0.14247485194880982,-0.49831777474447864,-0.9118016619302076,0.01974723028420026,0.6345126090618668,1.9840062789173614,-0.417813917547024,0.5223217151631458,-1.252151280238568,-0.898762629944598,5
0.41759739365846604,0.5653380279252235,-1.1782137654230596,-0.5649848029987127,3.0257073481948447,1.2786714002970079,1.5758990342513082,0.9792509949513666,-1.1071820894959732,0.4439637731791811,-0.9967764610122684,5
-0.18955956680627734,0.38838480795671493,-0.5506174663351387,-0.6805904226425442,-0.7787109260358148,-1.2979637646435567,-0.94076230785602,-0.30139184150550224,0.7348656896838991,2.140078826596931,0.08137568073210971,7
-1.34315779168929,-0.850287731822843,-0.6029171579257989,-0.6805904226425442,-0.4499340381393384,-0.975884369025986,-0.8387354966895068,-0.7088691076508284,0.7348656896838991,-0.5582860311131252,-0.9967764610122684,5
-0.18955956680627734,1.3026431111273413,1.5413701972912641,-0.44937918335488086,1.7105997966089375,1.6007507959145786,3.072292264693503,0.04787438661912772,-0.5403981574406269,0.1355792180123182,-0.9967764610122684,5
-1.6467362719216616,-0.14247485194880982,-0.9167153074697593,-0.1025623244233859,-1.5302009555134761,0.20507341490510608,1.881979467750848,-1.7566677920246536,2.2226735113291816,-0.09570919836282961,2.531721457423879,5
-1.6467362719216616,-0.14247485194880982,-0.9167153074697593,-0.1025623244233859,-1.5302009555134761,0.20507341490510608,1.881979467750848,-1.7566677920246536,2.2226735113291816,-0.09570919836282961,2.531721457423879,5
-1.0395793114569183,-0.14247485194880982,-1.3351128401950398,-1.0274072815740394,-1.0135515602475842,0.20507341490510608,-0.6006729373009757,-0.8835022217131757,0.5931697066700625,-0.4811898923214093,-0.604721136741585,6
-0.2502752628527515,3.04268310748434,-1.1259140738323996,-0.2181679440672172,0.113683483968908,-0.22436577925165468,-0.4986461261344624,-0.4760249555677849,-0.6820941404544635,-0.7124783086965563,-0.5067073056739145,6
0.05330321737962022,1.3026431111273413,-0.8121159242884392,-0.5649848029987127,0.39549224502303054,0.0977136163659159,0.6576577337526883,-0.12675872744315494,-0.8946381149752198,1.3691174386797715,-0.8007487988769275,5
-0.007412478666853906,1.125689891158833,-0.6029171579257989,-0.6805904226425442,0.3485241181806767,-0.5464451748692253,0.2835594261421396,0.04787438661912772,-0.6112461489475467,0.9836367447211927,-0.898762629944598,5
-0.675285135178072,-0.6438423085262501,0.49537636547806246,-0.44937918335488086,3.3075161092489678,-0.22436577925165468,0.04549686675360855,0.2807185387021713,1.1599536387254088,-0.018613059571113668,-1.192804123147611,5
-0.3109909588992261,0.21143158798820713,-0.3937183915631586,-0.33377356371104905,-0.027220896558153608,-0.009646182173274296,2.0860330900838746,-0.30139184150550224,0.09723376612163613,-0.7895744474882722,-0.898762629944598,5
-0.3109909588992261,0.21143158798820713,-0.3937183915631586,-0.44937918335488086,-0.027220896558153608,0.20507341490510608,2.188059901250388,-0.30139184150550224,0.02638577461471627,-0.7895744474882722,-0.898762629944598,5
0.05330321737962022,1.3026431111273413,-0.8121159242884392,-0.5649848029987127,0.39549224502303054,0.0977136163659159,0.6576577337526883,-0.12675872744315494,-0.8946381149752198,1.3691174386797715,-0.8007487988769275,5
-0.007412478666853906,1.125689891158833,-0.6029171579257989,-0.6805904226425442,0.3485241181806767,-0.5464451748692253,0.2835594261421396,0.04787438661912772,-0.6112461489475467,0.9836367447211927,-0.898762629944598,5
-1.2217263995963412,-0.7913033251666736,-0.9690149990604192,-0.7961960422863761,-0.731742799193461,-1.2979637646435567,-0.8047265596340023,-0.767080145671654,0.16808175762855285,-0.4811898923214093,-0.9967764610122684,5
-0.12884387075980322,0.8602600612060709,1.489070505700604,-0.6805904226425442,1.6636316697665843,1.815470392992959,3.3103548240820344,0.04787438661912772,-1.0363340979890565,-0.17280533715454555,-0.9967764610122684,5
-1.5253048798287128,0.9192444678622403,-1.2828131486043797,-0.6805904226425442,0.25458786449596893,0.6345126090618668,1.7119347824733258,-1.3491905258793275,1.5850415877669186,-0.9437667250717041,-0.4086934746062441,5
-0.8574322233174948,-0.2014592586049793,-0.8644156158790992,-0.1025623244233859,-0.3559977844546307,-0.3317255777908449,-0.46463718907895796,-0.4760249555677849,0.7348656896838991,-0.4811898923214093,-0.2126658124709033,6
-0.0681281747133291,-0.732318918510504,0.9137738982033431,0.4754657737957727,0.3485241181806767,-0.439085376330035,-0.02252100735740032,0.45535165276451856,1.5141935962599986,-0.2499014759462615,0.08137568073210971,6
-0.6145694391315978,-1.14520976510369,1.070672972975323,-0.33377356371104905,-0.21509340392756907,-1.0832441675651763,-1.1108069931335423,-0.5342359935885458,0.09723376612163613,-0.8666705862799882,-0.11465198140323113,6
-0.49313804703864905,0.4473692146128844,-1.2305134570137197,-0.6805904226425442,0.6303328792347999,1.0639518032186277,1.881979467750848,-0.9999242977546975,0.23892974913547269,-0.7895744474882722,-0.3106796435385737,5
-0.49313804703864905,0.4473692146128844,-1.2305134570137197,-0.6805904226425442,0.6303328792347999,1.0639518032186277,1.881979467750848,-0.9999242977546975,0.23892974913547269,-0.7895744474882722,-0.3106796435385737,5
-0.7360008312245466,-0.5553656985419959,0.8091745150220229,3.5968175041792296,-0.5438702918240454,1.4933909973753883,2.902247579415981,0.33892957672293217,0.7348656896838991,0.598156050762613,0.08137568073210971,5
-0.7360008312245466,-0.5553656985419959,0.8091745150220229,3.5968175041792296,-0.49690216498169226,1.3860311988361982,2.8682386423604767,0.33892957672293217,0.7348656896838991,0.5210599119708971,0.08137568073210971,5
-0.7360008312245466,-0.5553656985419959,0.8091745150220229,3.5968175041792296,-0.5438702918240454,1.4933909973753883,2.902247579415981,0.33892957672293217,0.7348656896838991,0.598156050762613,0.08137568073210971,5
-0.7360008312245466,-0.5553656985419959,0.8091745150220229,3.5968175041792296,-0.49690216498169226,1.3860311988361982,2.8682386423604767,0.33892957672293217,0.7348656896838991,0.5210599119708971,0.08137568073210971,5
-0.7360008312245466,1.8187566693688242,-1.3874125317856998,-0.2181679440672172,-0.40296591129698456,-0.3317255777908449,-0.7367086855229934,0.10608542463988861,1.1599536387254088,-1.097959002655136,-1.0947902920799388,5
-0.9181479193639694,0.4473692146128844,-0.4460180831538187,-0.5649848029987127,-0.12115715024286135,0.31243321344429625,1.4398632860292904,0.04787438661912772,1.9392815453015084,-0.5582860311131252,-1.0947902920799388,6
-0.4324223509921749,2.5118234475788146,-1.2305134570137197,-0.44937918335488086,0.39549224502303054,-0.8685245704867958,-0.8047265596340023,-0.4760249555677849,-0.8237901234683,-0.6353821699048403,-0.8007487988769275,5
-0.4324223509921749,0.9192444678622403,-1.2828131486043797,-1.258618520861703,-0.4499340381393384,-0.6538049734084155,-0.8047265596340023,-0.12675872744315494,-1.0363340979890565,3.373617047264385,-1.192804123147611,4
-0.3109909588992261,0.03447836801969866,-1.1782137654230596,-0.7961960422863761,-0.26206153076992295,0.20507341490510608,-0.43062825202345356,-0.18496976546398047,0.09723376612163613,-0.6353821699048403,-0.4086934746062441,6
-0.3109909588992261,0.6243224345813929,1.1229726645659832,-0.7961960422863761,0.8651735134465692,-0.11700598071246449,1.7799526565843347,-0.35960287952626313,-0.8946381149752198,-0.17280533715454555,-0.898762629944598,5
-0.9181479193639694,0.6833068412375624,-0.8644156158790992,-0.33377356371104905,0.16065161081126186,0.31243321344429625,1.9499973418618568,-0.6506580696300676,0.16808175762855285,-0.9437667250717041,-0.2126658124709033,5
-0.6145694391315978,0.15244718133203763,-1.2305134570137197,-0.9118016619302076,-0.4499340381393384,0.20507341490510608,-0.05652994441290476,-0.6506580696300676,0.3806257321493093,-1.252151280238568,-1.3888317852829517,4
-0.9181479193639694,0.6243224345813929,-1.0213146906510793,-0.33377356371104905,0.3485241181806767,-0.439085376330035,0.011487929698104114,-0.8252911836924148,1.0891056472184921,-0.7124783086965563,-0.01663815033556071,6
-0.2502752628527515,2.1284248043137137,-1.2305134570137197,-0.6805904226425442,-1.1074878139322917,-1.1906039661043664,-1.2128338043000555,0.2807185387021713,0.3097777406423894,-2.4085933621143054,-1.2908179542152813,4
-0.18955956680627734,-0.6143501051981654,-0.49831777474447864,-0.44937918335488086,-0.40296591129698456,-0.975884369025986,-0.8727444337450112,0.2807185387021713,-0.18615819990603702,-0.2499014759462615,-1.192804123147611,6
-0.18955956680627734,-0.6143501051981654,-0.49831777474447864,-0.44937918335488086,-0.40296591129698456,-0.975884369025986,-0.8727444337450112,0.2807185387021713,-0.18615819990603702,-0.2499014759462615,-1.192804123147611,6
-0.5538537430851231,0.5653380279252235,-1.1259140738323996,-0.5649848029987127,-0.6378065455087533,0.9565920046794374,-0.05652994441290476,-0.35960287952626313,0.7348656896838991,-0.5582860311131252,1.0615139914088174,6
-0.6145694391315978,-0.850287731822843,-0.2891190083818385,-0.44937918335488086,-0.07418902340050748,-0.8685245704867958,-0.2945925038014358,-0.35960287952626313,0.09723376612163613,-1.3292474190302839,-0.898762629944598,5
-0.8574322233174948,-0.14247485194880982,-1.1782137654230596,-1.0274072815740394,0.16065161081126186,0.41979301198348645,0.18153261497562628,-0.5342359935885458,0.23892974913547269,1.0607328835129086,-0.898762629944598,5
-0.6145694391315978,-0.850287731822843,-0.2891190083818385,-0.44937918335488086,-0.07418902340050748,-0.8685245704867958,-0.2945925038014358,-0.35960287952626313,0.09723376612163613,-1.3292474190302839,-0.898762629944598,5
-0.49313804703864905,-0.024506038636470828,0.8091745150220229,-0.1025623244233859,0.25458786449596893,-0.7611647719476056,-0.1925656926349225,0.2807185387021713,1.8684335537945918,-0.2499014759462615,0.08137568073210971,6
-0.7967165272710207,1.6565495510643584,-1.3874125317856998,0.12864891486427774,-0.6378065455087533,-0.8685245704867958,-0.8047265596340023,0.10608542463988861,1.1599536387254088,-0.6353821699048403,-0.8007487988769275,5
-0.007412478666853906,0.5063536212690539,-0.6552168495164589,0.013043295220445918,-0.6847746723511071,-0.5464451748692253,-0.05652994441290476,0.10608542463988861,-0.8946381149752198,-0.40409375352969334,-0.898762629944598,5
0.29616600156551776,0.5063536212690539,-0.6552168495164589,0.013043295220445918,-0.6847746723511071,-0.5464451748692253,-0.05652994441290476,0.10608542463988861,-0.8946381149752198,-0.40409375352969334,-0.898762629944598,5
-0.675285135178072,1.214166501143087,-1.2828131486043797,0.12864891486427774,-0.26206153076992295,0.0977136163659159,-0.05652994441290476,0.2807185387021713,0.8765616726977357,-0.9437667250717041,-1.0947902920799388,5
-0.9181479193639694,0.5063536212690539,-0.34141869997249846,-0.6805904226425442,-0.21509340392756907,-0.439085376330035,0.7256756078636972,0.2225075006814104,1.5850415877669186,-0.4811898923214093,-1.0947902920799388,5
-0.9788636154104436,0.5653380279252235,-0.2891190083818385,-0.5649848029987127,-0.12115715024286135,-0.7611647719476056,0.623648796697184,0.16429646266064948,1.443345604753082,-0.4811898923214093,-1.0947902920799388,6
0.3568816976119919,-1.2631785784160292,1.5936698888819236,-0.44937918335488086,1.3818229087124612,1.1713116017578178,1.405854348973786,0.2225075006814104,-0.39870217442679345,-0.8666705862799882,-0.7027349678092571,5
-0.5538537430851231,-0.7913033251666736,1.1229726645659832,-0.44937918335488086,0.01974723028420026,-0.11700598071246449,0.7936934819747061,0.2807185387021713,0.16808175762855285,-0.7124783086965563,-1.192804123147611,5
-0.37170665494570027,1.0667054845026633,-0.8644156158790992,0.24425453450810958,0.113683483968908,-0.6538049734084155,-0.6006729373009757,0.5135626907852795,0.5223217151631458,-1.175055141446852,-0.7027349678092571,5
-0.2502752628527515,-0.14247485194880982,0.33847729070608246,-0.44937918335488086,0.113683483968908,-0.009646182173274296,3.378372698193043,0.04787438661912772,-0.8237901234683,-0.7124783086965563,-0.898762629944598,5
-0.2502752628527515,-0.2014592586049793,0.28617759911542234,-0.5649848029987127,0.01974723028420026,0.20507341490510608,3.4123816352485474,0.04787438661912772,-0.8237901234683,-0.7124783086965563,-0.898762629944598,5
-0.0681281747133291,-0.14247485194880982,0.44307667388740235,0.5910713934396046,-0.21509340392756907,0.6345126090618668,2.8342297053049723,0.5135626907852795,-0.6112461489475467,-0.17280533715454555,-0.9967764610122684,5
-1.1610107035498665,-0.9092721384790126,-0.07992024201919819,-0.5649848029987127,-0.3559977844546307,0.6345126090618668,0.18153261497562628,0.39714061474369305,1.7975855622876717,-0.17280533715454555,-0.604721136741585,6
-0.9181479193639694,0.6243224345813929,-0.7598162326977791,1.63152197023409,0.8182053866042154,0.0977136163659159,2.8002207682494675,0.10608542463988861,-0.2570061914129569,-0.2499014759462615,-0.898762629944598,5
-0.4324223509921749,0.15244718133203763,-0.2891190083818385,-0.2181679440672172,-0.49690216498169226,-0.8685245704867958,-0.5326550631899668,-0.18496976546398047,-0.2570061914129569,-0.7124783086965563,-0.7027349678092571,5
-0.4324223509921749,0.15244718133203763,-0.2891190083818385,-0.2181679440672172,-0.49690216498169226,-0.8685245704867958,-0.5326550631899668,-0.18496976546398047,-0.2570061914129569,-0.7124783086965563,-0.7027349678092571,5
-0.3109909588992261,0.38838480795671493,0.33847729070608246,-0.44937918335488086,-0.3559977844546307,0.9565920046794374,2.596167145916441,0.04787438661912772,-0.46955016593371013,-0.7895744474882722,-0.9967764610122684,5
-0.6145694391315978,0.32940040130054543,0.1815782159341021,0.013043295220445918,-0.3559977844546307,-0.009646182173274296,0.3855862373086529,0.04787438661912772,1.0182576557115723,-0.40409375352969334,-0.2126658124709033,5
1.9354897948203245,-1.3221629850721985,1.7505689636539041,-0.44937918335488086,-0.6847746723511071,-0.3317255777908449,-0.5666640002454713,0.8046178808890839,-1.461422047030566,2.5255595205555097,-0.3106796435385737,6
-1.7681676640146098,1.8335027710328662,-0.9690149990604192,-1.3742241405055347,-1.6711053360405377,-0.22436577925165468,1.6779258454178214,-2.5134112862946747,1.7975855622876717,1.6004058550549194,2.531721457423879,7
0.7818915699373118,-1.2041941717598597,1.070672972975323,-1.1430129012178714,-1.2014240676169994,-0.6538049734084155,-0.6686908114119846,0.13519094365026904,-0.6820941404544635,1.3691174386797715,-0.11465198140323113,7
0.29616600156551776,-0.9092721384790126,1.1229726645659832,-0.33377356371104905,0.7242691329195077,2.56698898276729,3.446390572304052,0.45535165276451856,-1.9573579875789926,2.9881363533058054,-1.0947902920799388,5
-0.9181479193639694,-0.14247485194880982,-0.8121159242884392,-1.0274072815740394,-0.3090296576122768,0.0977136163659159,0.18153261497562628,-0.7379746266612736,0.3097777406423894,1.1378290223046246,-0.898762629944598,5
-0.7967165272710207,-0.6143501051981654,0.44307667388740235,-0.9118016619302076,0.30155599133832284,0.0977136163659159,-0.15855675557941806,-0.35960287952626313,0.16808175762855285,-0.7124783086965563,-1.192804123147611,5
-0.7967165272710207,-0.5553656985419959,0.49537636547806246,-0.9118016619302076,0.3485241181806767,-0.11700598071246449,-0.22657462969042694,-0.3304973605158827,0.16808175762855285,-0.6353821699048403,-1.192804123147611,6
2.724793843424491,-1.3221629850721985,2.482764645923145,0.24425453450810958,0.6303328792347999,-0.6538049734084155,-0.5326550631899668,1.56136137515904,-0.8237901234683,0.9836367447211927,0.3754171739351227,7
2.724793843424491,-1.3221629850721985,2.482764645923145,0.24425453450810958,0.6303328792347999,-0.6538049734084155,-0.5326550631899668,1.56136137515904,-0.8237901234683,0.9836367447211927,0.3754171739351227,7
-0.3109909588992261,0.270415994644376,0.2338779075247622,-0.6805904226425442,-0.5908384186663994,1.1713116017578178,2.596167145916441,-0.2722863224951218,-0.18615819990603702,-0.8666705862799882,-1.0947902920799388,5
-0.3109909588992261,-0.4963812918858264,0.07697883275278215,0.3598601541519414,0.8651735134465692,0.31243321344429625,1.7459437195288303,-0.06854768942239406,-0.6820941404544635,0.21267535680403415,-0.9967764610122684,5
1.6319113145879527,-1.3221629850721985,1.6459695804725838,-0.33377356371104905,-1.295360321301707,-0.8685245704867958,-0.8387354966895068,0.746406842868323,-0.044462216892200444,1.8316942714300672,0.08137568073210971,7
0.842607265983786,0.03447836801969866,1.7505689636539041,-0.44937918335488086,-1.9998822239370144,-1.0832441675651763,-0.8387354966895068,-0.5051304745781654,-0.1153102083991203,1.6775019938466353,1.9436384710178547,6
-0.18955956680627734,1.1846742978150024,-0.1322199336098583,0.4754657737957727,0.06671535712655413,-0.5464451748692253,0.623648796697184,0.07697990562950817,0.23892974913547269,-0.6353821699048403,-0.4086934746062441,6
1.9962054908667985,-0.4963812918858264,1.9597677300165446,-0.33377356371104905,-1.060519687089938,-1.0832441675651763,-0.9747712449115244,0.746406842868323,-0.7529421319613833,0.21267535680403415,-0.2126658124709033,6
-0.0681281747133291,0.270415994644376,-0.02762055042853807,-0.2181679440672172,-1.0135515602475842,1.3860311988361982,0.7256756078636972,-0.4760249555677849,-0.1153102083991203,-1.637631974197147,-0.3106796435385737,5
-0.3109909588992261,1.243658704471172,-0.9690149990604192,0.013043295220445918,0.4894284987077383,-0.5464451748692253,-0.09053888146840919,0.39714061474369305,-0.5403981574406269,0.5210599119708971,-0.604721136741585,6
-0.7967165272710207,-0.2014592586049793,1.1752723561566434,3.712423123823061,-1.0135515602475842,1.1713116017578178,2.6301760829719454,0.39714061474369305,0.16808175762855285,0.9065406059294767,0.08137568073210971,5
0.23545030551904259,0.5948302312533081,-0.5506174663351387,-0.44937918335488086,0.9121416402889231,-0.22436577925165468,0.18153261497562628,-0.30139184150550224,-1.2488780725098096,-0.5582860311131252,0.5714448360704636,5
-0.12884387075980322,1.1846742978150024,-0.23681931679117837,-0.2181679440672172,-0.4499340381393384,-0.439085376330035,-0.09053888146840919,-0.010336651401633168,0.3097777406423894,-0.7124783086965563,-1.2908179542152813,5
-0.49313804703864905,-0.2014592586049793,-0.3937183915631586,-0.5649848029987127,-0.26206153076992295,-0.5464451748692253,0.011487929698104114,-0.5924470316093067,0.5223217151631458,-0.7895744474882722,-0.7027349678092571,5
-0.3109909588992261,0.03447836801969866,0.33847729070608246,0.013043295220445918,-0.07418902340050748,0.9565920046794374,3.4123816352485474,-0.0976532084327745,-0.1153102083991203,-0.32699761473797745,-0.898762629944598,5
-0.3109909588992261,-1.0862253584475208,0.5476760570687226,-0.44937918335488086,0.01974723028420026,0.9565920046794374,0.4876130484751662,-0.18496976546398047,0.16808175762855285,-0.40409375352969334,-0.9967764610122684,6
-0.5538537430851231,0.03447836801969866,-0.02762055042853807,-0.44937918335488086,0.9121416402889231,0.0977136163659159,0.9637381672522283,-0.5924470316093067,-1.178030081002893,-0.5582860311131252,-0.9967764610122684,5
-0.9181479193639694,0.5063536212690539,-1.1782137654230596,-1.0274072815740394,-1.1544559407746455,-1.0832441675651763,-1.1448159301890466,-0.8543967027027953,0.7348656896838991,-0.32699761473797745,-0.898762629944598,5
0.17473460947256847,0.7127990445656471,-0.07992024201919819,-0.44937918335488086,0.06671535712655413,-0.7611647719476056,-0.5326550631899668,0.8337233998994643,-0.2570061914129569,-0.32699761473797745,-0.4086934746062441,6
0.05330321737962022,0.6538146379094777,0.49537636547806246,-0.44937918335488086,0.3485241181806767,-0.009646182173274296,0.3855862373086529,0.4262461337540735,-0.044462216892200444,-0.5582860311131252,-0.01663815033556071,4
-0.37170665494570027,-0.5553656985419959,-0.07992024201919819,0.24425453450810958,-0.40296591129698456,1.4933909973753883,0.6576577337526883,-0.3304973605158827,0.3806257321493093,-0.4811898923214093,0.08137568073210971,6
0.41759739365846604,1.745026161048612,-0.6552168495164589,0.24425453450810958,0.3485241181806767,-0.6538049734084155,-0.7026997484674891,0.9792509949513666,0.5223217151631458,-0.09570919836282961,-0.604721136741585,5
-0.37170665494570027,-0.5553656985419959,-0.07992024201919819,0.24425453450810958,-0.40296591129698456,1.4933909973753883,0.6576577337526883,-0.3304973605158827,0.3806257321493093,-0.4811898923214093,0.08137568073210971,6
-0.8574322233174948,-0.024506038636470828,-0.07992024201919819,0.24425453450810958,-0.027220896558153608,-0.5464451748692253,-0.22657462969042694,0.07697990562950817,1.0182576557115723,-1.097959002655136,0.5714448360704636,5
-1.8895990561075586,-0.2604436652611488,-1.1782137654230596,-0.9118016619302076,-1.295360321301707,0.41979301198348645,2.120042027139379,-2.338778172232327,1.5850415877669186,-0.17280533715454555,1.747610808882512,7
-0.18955956680627734,-0.850287731822843,-1.0736143822417394,-0.6805904226425442,-0.1681252770852152,-0.3317255777908449,0.18153261497562628,-0.2722863224951218,0.3806257321493093,-0.9437667250717041,-0.5067073056739145,6
0.11401891342609434,-0.9092721384790126,-0.34141869997249846,0.4754657737957727,0.39549224502303054,0.31243321344429625,0.4876130484751662,0.746406842868323,0.16808175762855285,0.4439637731791811,-0.8007487988769275,6
-0.8574322233174948,-0.024506038636470828,-0.07992024201919819,0.24425453450810958,-0.027220896558153608,-0.5464451748692253,-0.22657462969042694,0.07697990562950817,1.0182576557115723,-1.097959002655136,0.5714448360704636,5
-0.0681281747133291,2.806745480859662,-0.9167153074697593,-0.1025623244233859,-0.7787109260358148,-0.8685245704867958,-0.22657462969042694,0.07697990562950817,0.02638577461471627,-0.7124783086965563,-1.3888317852829517,6
-0.675285135178072,0.6243224345813929,-1.3874125317856998,-0.5649848029987127,0.7242691329195077,-0.11700598071246449,-0.1925656926349225,0.018768867608747276,0.3806257321493093,-0.4811898923214093,-1.3888317852829517,6
-0.675285135178072,0.6243224345813929,-1.3874125317856998,-0.5649848029987127,0.7242691329195077,-0.11700598071246449,-0.1925656926349225,0.018768867608747276,0.3806257321493093,-0.4811898923214093,-1.3888317852829517,6
-0.675285135178072,0.7127990445656471,-1.3874125317856998,-0.5649848029987127,0.7242691329195077,-0.009646182173274296,-0.15855675557941806,0.018768867608747276,0.3806257321493093,-0.4811898923214093,-1.192804123147611,6
-0.675285135178072,0.6243224345813929,-1.3874125317856998,-0.5649848029987127,0.7242691329195077,-0.11700598071246449,-0.1925656926349225,0.018768867608747276,0.3806257321493093,-0.4811898923214093,-1.3888317852829517,6
-0.0681281747133291,2.806745480859662,-0.9167153074697593,-0.1025623244233859,-0.7787109260358148,-0.8685245704867958,-0.22657462969042694,0.07697990562950817,0.02638577461471627,-0.7124783086965563,-1.3888317852829517,6
2.2390682750526962,-0.850287731822843,1.5413701972912641,-0.33377356371104905,0.5363966255500922,-0.975884369025986,-0.6686908114119846,1.4740448181278987,-1.2488780725098096,0.5210599119708971,0.4734310050027931,6
-0.37170665494570027,0.32940040130054543,-0.8644156158790992,-0.6805904226425442,0.9591097671312763,1.3860311988361982,2.2220688383058924,-0.6215525506196872,-1.6739660215513195,-1.175055141446852,-0.604721136741585,6
-0.6145694391315978,0.8012756545499014,-1.3874125317856998,-0.44937918335488086,0.113683483968908,-0.975884369025986,-0.7026997484674891,0.9210399569306057,2.080977528315345,2.4484633817637937,-0.5067073056739145,6
-0.7360008312245466,0.9192444678622403,-1.0213146906510793,-0.5649848029987127,-0.3090296576122768,0.0977136163659159,0.24955048908663516,0.07697990562950817,0.45147372365622596,-0.9437667250717041,-0.898762629944598,5
-0.0681281747133291,0.4473692146128844,-0.49831777474447864,-0.1025623244233859,-0.4499340381393384,-0.439085376330035,0.9977471043077327,-0.24318080348474136,-0.8237901234683,-1.483439696613715,-1.0947902920799388,5
-0.37170665494570027,0.03447836801969866,-1.0736143822417394,-0.7961960422863761,-0.3559977844546307,-0.6538049734084155,-0.15855675557941806,-0.3304973605158827,0.23892974913547269,-1.252151280238568,-0.604721136741585,6
-0.6145694391315978,0.8012756545499014,-1.3874125317856998,-0.44937918335488086,0.113683483968908,-0.975884369025986,-0.7026997484674891,0.9210399569306057,2.080977528315345,2.4484633817637937,-0.5067073056739145,6
1.5104799224950045,-1.2041941717598597,0.9137738982033431,-0.9118016619302076,-0.8726471797205225,0.0977136163659159,-0.22657462969042694,1.037462032972192,-0.6820941404544635,1.0607328835129086,-0.4086934746062441,6
-0.7360008312245466,0.4473692146128844,-1.3874125317856998,-0.6805904226425442,-0.3559977844546307,0.0977136163659159,-0.3286014408569402,0.2807185387021713,1.0891056472184921,0.4439637731791811,-0.5067073056739145,6
1.6926270106344268,-1.0272409517913514,1.1229726645659832,0.8222826327272682,0.39549224502303054,-1.0832441675651763,-0.7707176225784979,1.095673070992953,-1.0363340979890565,-0.8666705862799882,0.08137568073210971,5
-0.37170665494570027,1.4795963310958498,0.8091745150220229,-0.5649848029987127,0.4894284987077383,-0.7611647719476056,1.4398632860292904,-0.4760249555677849,-0.6112461489475467,-0.40409375352969334,-0.898762629944598,5
-0.7360008312245466,0.4473692146128844,-1.3874125317856998,-0.6805904226425442,-0.3559977844546307,0.0977136163659159,-0.3286014408569402,0.2807185387021713,1.0891056472184921,0.4439637731791811,-0.5067073056739145,6
-0.18955956680627734,0.270415994644376,-0.18451962520051826,0.9378882523711,-0.40296591129698456,0.20507341490510608,2.5621582088609367,0.018768867608747276,-0.39870217442679345,-0.5582860311131252,-1.0947902920799388,5
0.6604601778443636,-1.0862253584475208,0.5476760570687226,-0.2181679440672172,-0.3090296576122768,-1.0832441675651763,-1.0427891190225334,0.746406842868323,-0.6820941404544635,-0.17280533715454555,-1.192804123147611,5
-1.0395793114569183,1.007721077846494,-1.3874125317856998,-0.33377356371104905,-0.3090296576122768,-0.3317255777908449,0.41959517436415733,0.04787438661912772,1.2308016302323286,0.21267535680403415,-1.192804123147611,5
1.0247543541232094,-1.2631785784160292,1.070672972975323,0.24425453450810958,0.16065161081126186,-0.11700598071246449,-0.36261037791244466,1.7068889702110068,0.3097777406423894,1.2149251610963405,0.08137568073210971,7
-0.2502752628527515,-1.14520976510369,-0.18451962520051826,-0.7961960422863761,-0.21509340392756907,0.31243321344429625,0.04549686675360855,-0.2722863224951218,-0.18615819990603702,0.058483079220602266,-1.0947902920799388,5
-0.7967165272710207,2.659284464219238,-1.1782137654230596,-0.44937918335488086,0.25458786449596893,-0.3317255777908449,0.7936934819747061,-0.6215525506196872,0.23892974913547269,-0.32699761473797745,-0.9967764610122684,4
-0.18955956680627734,-0.024506038636470828,-1.2305134570137197,-0.7961960422863761,-0.5438702918240454,-0.5464451748692253,-0.2945925038014358,-0.5633415125989263,0.16808175762855285,-0.5582860311131252,-0.4086934746062441,5
-0.2502752628527515,-0.9092721384790126,-0.18451962520051826,-0.6805904226425442,-0.21509340392756907,0.8492322061402472,0.18153261497562628,-0.24318080348474136,-0.2570061914129569,0.21267535680403415,-1.0947902920799388,5
2.542646755285068,0.21143158798820713,1.1752723561566434,0.013043295220445918,-0.8256790528781687,-1.0832441675651763,-0.5666640002454713,1.8524165652629092,-1.6739660215513195,1.7545981326383513,0.4734310050027931,5
2.117636882959748,-1.5581006116968763,1.3321714309286237,-0.6805904226425442,-0.49690216498169226,-0.975884369025986,-1.1448159301890466,0.04787438661912772,-0.8237901234683,0.598156050762613,-0.2126658124709033,7
-0.12884387075980322,2.0399481943294595,-1.3874125317856998,1.0534938720149314,0.6773010060771537,1.1713116017578178,0.5896398596416795,2.0561551983356368,2.0101295368084284,0.598156050762613,-0.604721136741585,4
-0.2502752628527515,-1.0272409517913514,1.0183732813846633,1.4003107309464269,-0.1681252770852152,-0.009646182173274296,-0.22657462969042694,0.33892957672293217,0.23892974913547269,1.6775019938466353,2.335693795288538,8
-0.8574322233174948,0.09346277467586815,-1.1782137654230596,0.7066770130834363,-0.21509340392756907,-0.8685245704867958,-0.5666640002454713,1.153884109013714,2.6477614603706914,2.062982687805215,-0.9967764610122684,6
1.9354897948203245,-2.029975864946232,1.2798717393379635,1.8627332095217537,1.053046020815984,-1.1906039661043664,-0.7026997484674891,1.6777834512006264,-0.2570061914129569,2.5255595205555097,-0.3106796435385737,6
-0.2502752628527515,0.1229549780039529,-1.0736143822417394,1.8627332095217537,0.25458786449596893,1.2786714002970079,0.5896398596416795,-0.12675872744315494,0.3097777406423894,0.21267535680403415,0.27740334286745055,6
1.9354897948203245,-2.029975864946232,1.2798717393379635,1.8627332095217537,1.053046020815984,-1.1906039661043664,-0.7026997484674891,1.6777834512006264,-0.2570061914129569,2.5255595205555097,-0.3106796435385737,6
1.5711956185414786,-0.9092721384790126,1.6459695804725838,1.8627332095217537,-0.49690216498169226,0.20507341490510608,0.7256756078636972,1.5322558561486597,-0.6820941404544635,1.0607328835129086,-0.3106796435385737,5
0.05330321737962022,1.125689891158833,-0.34141869997249846,0.013043295220445918,-0.26206153076992295,-0.5464451748692253,-0.1925656926349225,0.3680350957333126,-0.044462216892200444,-0.018613059571113668,-0.9967764610122684,5
-0.2502752628527515,0.1229549780039529,-1.0736143822417394,1.8627332095217537,0.25458786449596893,1.2786714002970079,0.5896398596416795,-0.12675872744315494,0.3097777406423894,0.21267535680403415,0.27740334286745055,6
-0.8574322233174948,0.09346277467586815,-1.1782137654230596,0.7066770130834363,-0.21509340392756907,-0.8685245704867958,-0.5666640002454713,1.153884109013714,2.6477614603706914,2.062982687805215,-0.9967764610122684,6
1.9354897948203245,-2.029975864946232,1.2798717393379635,1.8627332095217537,1.053046020815984,-1.1906039661043664,-0.7026997484674891,1.6777834512006264,-0.2570061914129569,2.5255595205555097,-0.3106796435385737,6
1.2069014422626327,-1.2041941717598597,0.9660735897940033,4.637268080973715,-0.40296591129698456,-1.0832441675651763,-1.0427891190225334,0.5135626907852795,-0.6112461489475467,1.3691174386797715,2.1396661331531956,8
0.3568816976119919,-0.732318918510504,0.28617759911542234,3.712423123823061,0.25458786449596893,-0.5464451748692253,0.11351474086461742,1.3867282610967575,0.45147372365622596,0.9836367447211927,0.08137568073210971,7
1.8747740987738504,-1.5581006116968763,0.9137738982033431,1.4003107309464269,-0.49690216498169226,-0.975884369025986,-0.8387354966895068,1.095673070992953,-1.3905740555236463,1.3691174386797715,-1.0947902920799388,6
-0.4324223509921749,-0.024506038636470828,-0.7598162326977791,0.7066770130834363,-0.6847746723511071,-0.3317255777908449,0.31756836319764403,0.2225075006814104,0.3097777406423894,-0.5582860311131252,-1.2908179542152813,5
0.3568816976119919,-0.732318918510504,0.28617759911542234,3.712423123823061,0.25458786449596893,-0.5464451748692253,0.11351474086461742,1.3867282610967575,0.45147372365622596,0.9836367447211927,0.08137568073210971,7
0.9640386580767353,0.38838480795671493,-1.0213146906510793,1.1690994916587631,0.9591097671312763,1.815470392992959,0.9297292301967238,1.997944160314876,-0.044462216892200444,0.5210599119708971,-0.604721136741585,5
0.9640386580767353,0.38838480795671493,-1.0213146906510793,1.1690994916587631,0.9591097671312763,1.815470392992959,0.9297292301967238,1.997944160314876,-0.044462216892200444,0.5210599119708971,-0.604721136741585,5
2.2390682750526962,-0.4373968852296569,1.489070505700604,-0.44937918335488086,-0.40296591129698456,1.0639518032186277,0.18153261497562628,1.7359944892213874,-1.5322700385374828,0.9065406059294767,-0.11465198140323113,6
-0.49313804703864905,-0.732318918510504,-0.7598162326977791,0.7066770130834363,0.4894284987077383,1.4933909973753883,0.31756836319764403,-0.010336651401633168,0.3806257321493093,0.4439637731791811,-0.11465198140323113,6
0.23545030551904259,-0.024506038636470828,-0.9167153074697593,0.12864891486427774,0.4424603718653844,0.5271528105226766,0.18153261497562628,0.5135626907852795,0.16808175762855285,1.6775019938466353,0.17938951179978013,7
1.9962054908667985,-0.6143501051981654,1.3844711225192838,1.0534938720149314,1.1000141476583378,1.922830191532149,1.8479705306953436,2.492737983491279,-0.8237901234683,2.371367242972078,-1.192804123147611,5
0.23545030551904259,-0.024506038636470828,-0.9167153074697593,0.12864891486427774,0.4424603718653844,0.5271528105226766,0.18153261497562628,0.5135626907852795,0.16808175762855285,1.6775019938466353,0.17938951179978013,7
1.267617138309107,0.15244718133203763,-0.18451962520051826,0.3598601541519414,0.4424603718653844,0.31243321344429625,0.14752367792012186,1.56136137515904,-0.6820941404544635,-0.018613059571113668,-0.11465198140323113,6
-0.8574322233174948,-0.968256545135182,-0.07992024201919819,0.013043295220445918,0.7712372597618615,-1.0832441675651763,-0.94076230785602,-0.18496976546398047,0.6640176981769824,-0.32699761473797745,-0.3106796435385737,6
3.0283723236568627,-1.0862253584475208,1.3321714309286237,0.9378882523711,0.583364752392446,0.20507341490510608,0.31756836319764403,2.725582135574452,-1.886509996072076,1.2920212998880565,-0.898762629944598,6
1.5104799224950045,-0.14247485194880982,1.0183732813846633,0.12864891486427774,-0.40296591129698456,-1.0832441675651763,-0.5666640002454713,1.968838641304431,-1.886509996072076,-0.018613059571113668,-0.898762629944598,5
1.3890485304020552,1.8040105677047813,0.5476760570687226,0.24425453450810958,0.20761973765361508,1.1713116017578178,0.8957202931412194,0.8046178808890839,-1.1071820894959732,-0.9437667250717041,-0.5067073056739145,5
-0.7360008312245466,0.6243224345813929,-1.0736143822417394,-0.44937918335488086,0.06671535712655413,-0.7611647719476056,-0.4986461261344624,1.0665675519825726,2.5060654773568545,0.675252189554329,-0.8007487988769275,5
-0.675285135178072,0.7422912478937319,-1.2828131486043797,-0.1025623244233859,0.583364752392446,-1.0832441675651763,-0.43062825202345356,1.5031503371382793,2.5060654773568545,1.2149251610963405,-0.7027349678092571,5
-0.8574322233174948,0.8602600612060709,-1.0736143822417394,-0.33377356371104905,-0.07418902340050748,-0.7611647719476056,-0.36261037791244466,1.008356513961747,2.5769134688637747,0.5210599119708971,-0.8007487988769275,5
-0.49313804703864905,0.03447836801969866,-1.0736143822417394,0.24425453450810958,0.20761973765361508,0.5271528105226766,0.011487929698104114,-0.12675872744315494,0.45147372365622596,-0.40409375352969334,0.27740334286745055,6
1.6926270106344268,-2.029975864946232,1.1229726645659832,-1.0274072815740394,-0.6378065455087533,-0.8685245704867958,-0.9747712449115244,0.33892957672293217,-0.6820941404544635,-0.018613059571113668,-0.3106796435385737,6
-0.007412478666853906,1.0667054845026633,-0.7598162326977791,0.24425453450810958,0.4894284987077383,-0.3317255777908449,-0.5326550631899668,1.56136137515904,1.3724976132461622,0.598156050762613,-0.4086934746062441,5
-0.5538537430851231,0.8602600612060709,-0.7598162326977791,-0.9118016619302076,4.904432421888998,-1.0832441675651763,-0.7707176225784979,-0.417813917547024,0.5223217151631458,-0.7895744474882722,-0.898762629944598,5
0.05330321737962022,0.7422912478937319,1.7505689636539041,-0.33377356371104905,1.428791035554815,-0.3317255777908449,1.5758990342513082,0.33892957672293217,-0.8237901234683,-0.9437667250717041,-1.192804123147611,5
1.2069014422626327,0.03447836801969866,1.1229726645659832,0.12864891486427774,-0.8726471797205225,-0.975884369025986,-0.6346818743564802,1.7942055272421482,-1.3905740555236463,-0.40409375352969334,-1.0947902920799388,6
-0.4324223509921749,0.5653380279252235,0.28617759911542234,-0.2181679440672172,0.01974723028420026,-0.8685245704867958,0.3515773002531485,-0.06854768942239406,0.3097777406423894,-0.9437667250717041,-0.9967764610122684,5
1.2069014422626327,-0.6733345118543349,0.8091745150220229,0.013043295220445918,6.172571846632552,-0.975884369025986,-1.008780181967029,1.56136137515904,-0.8946381149752198,-0.17280533715454555,-0.898762629944598,6
1.2069014422626327,-0.5553656985419959,0.9137738982033431,0.013043295220445918,6.219539973474905,-1.0832441675651763,-1.0767980560780377,1.56136137515904,-0.8946381149752198,-0.09570919836282961,-0.898762629944598,6
-0.5538537430851231,-1.381147391728368,0.5999757486593827,-0.7961960422863761,-0.9196153065628765,-0.6538049734084155,-0.46463718907895796,0.04787438661912772,0.6640176981769824,-0.8666705862799882,-0.898762629944598,6
1.2069014422626327,0.03447836801969866,1.1229726645659832,0.12864891486427774,-0.8726471797205225,-0.975884369025986,-0.6346818743564802,1.7942055272421482,-1.3905740555236463,-0.40409375352969334,-1.0947902920799388,6
-0.2502752628527515,0.03447836801969866,-0.1322199336098583,-0.44937918335488086,-0.4499340381393384,-0.009646182173274296,2.0860330900838746,-0.417813917547024,-0.32785418291987356,-0.7895744474882722,-0.9967764610122684,6
0.41759739365846604,-0.3784124785734874,0.2338779075247622,0.4754657737957727,0.5363966255500922,0.41979301198348645,1.8479705306953436,0.8337233998994643,0.02638577461471627,-0.09570919836282961,-0.898762629944598,6
0.17473460947256847,-0.31942807191731826,0.1815782159341021,0.7066770130834363,-0.26206153076992295,1.6007507959145786,3.1063012017490075,0.5135626907852795,-0.1153102083991203,-0.8666705862799882,-0.9967764610122684,5
-0.5538537430851231,-0.968256545135182,0.12927852434344198,0.24425453450810958,0.25458786449596893,1.1713116017578178,0.9637381672522283,-0.15586424645360003,0.5223217151631458,0.2897714955957501,0.5714448360704636,5
-0.7360008312245466,-1.0272409517913514,0.12927852434344198,0.12864891486427774,0.6773010060771537,0.5271528105226766,0.31756836319764403,-0.30139184150550224,0.7348656896838991,0.058483079220602266,0.5714448360704636,6
0.7818915699373118,0.21143158798820713,-0.18451962520051826,1.1690994916587631,0.9591097671312763,2.35226938568891,1.643916908362317,1.6777834512006264,-0.1153102083991203,0.058483079220602266,-0.3106796435385737,5
0.7818915699373118,1.450104127767765,-0.7598162326977791,0.5910713934396046,0.01974723028420026,1.6007507959145786,1.0317560413632372,1.1247785900033334,-0.1153102083991203,-0.018613059571113668,-0.01663815033556071,6
0.9033229620302612,0.8012756545499014,0.6522754402500428,0.9378882523711,0.06671535712655413,0.6345126090618668,0.5216219855306706,1.2703061850552357,0.3806257321493093,0.5210599119708971,1.0615139914088174,7
0.7818915699373118,1.450104127767765,-0.7598162326977791,0.5910713934396046,0.01974723028420026,1.6007507959145786,1.0317560413632372,1.1247785900033334,-0.1153102083991203,-0.018613059571113668,-0.01663815033556071,6
0.9033229620302612,0.8012756545499014,0.6522754402500428,0.9378882523711,0.06671535712655413,0.6345126090618668,0.5216219855306706,1.2703061850552357,0.3806257321493093,0.5210599119708971,1.0615139914088174,7
0.5997444817978894,0.5063536212690539,-0.02762055042853807,1.1690994916587631,0.39549224502303054,1.0639518032186277,1.4738722230847947,1.7651000082317678,-0.5403981574406269,-0.17280533715454555,-0.7027349678092571,5
-0.3109909588992261,0.5653380279252235,-1.1259140738323996,-0.1025623244233859,-0.12115715024286135,-0.975884369025986,-0.8727444337450112,0.3680350957333126,-0.18615819990603702,-0.09570919836282961,-1.0947902920799388,5
1.2069014422626327,0.38838480795671493,0.8091745150220229,0.4754657737957727,0.39549224502303054,2.1375497886105297,0.9977471043077327,1.3285172230759965,-0.2570061914129569,0.4439637731791811,-0.898762629944598,6
1.9962054908667985,0.03447836801969866,2.0643671131978647,1.4581135407683425,1.8515041771359992,-0.975884369025986,-1.008780181967029,0.6299847668268013,-1.886509996072076,0.7523483283460448,1.0615139914088174,7
1.2069014422626327,-0.4963812918858264,1.2275720477473036,2.440761307740912,1.1939504013430458,-1.0832441675651763,-1.0427891190225334,0.746406842868323,-0.2570061914129569,1.4462135774714875,1.0615139914088174,5
3.089088019703337,-1.4991162050407068,1.8551683468352242,0.24425453450810958,0.01974723028420026,-0.975884369025986,-0.7707176225784979,2.027049679325192,-1.1071820894959732,0.21267535680403415,-0.7027349678092571,6
1.4497642264485293,-0.3784124785734874,0.6522754402500428,-0.44937918335488086,-0.9665834334052303,-0.8685245704867958,-0.9747712449115244,0.8046178808890839,-0.9654861064821366,-0.17280533715454555,-0.898762629944598,5
1.1461857462161575,-0.968256545135182,1.9597677300165446,0.5910713934396046,1.898472303978353,-0.5464451748692253,-0.09053888146840919,0.746406842868323,-0.6112461489475467,0.1355792180123182,2.041652302085525,6
1.1461857462161575,-0.968256545135182,1.9597677300165446,0.5910713934396046,1.898472303978353,-0.5464451748692253,-0.09053888146840919,0.746406842868323,-0.6112461489475467,0.1355792180123182,2.041652302085525,6
-0.18955956680627734,0.32940040130054543,0.07697883275278215,0.9378882523711,-0.731742799193461,0.6345126090618668,2.3921135235834146,0.33892957672293217,-0.6820941404544635,-0.7895744474882722,-0.9967764610122684,6
0.05330321737962022,0.21143158798820713,-0.9690149990604192,-0.33377356371104905,1.1000141476583378,0.0977136163659159,0.011487929698104114,-0.5342359935885458,-1.3197260640167296,-0.9437667250717041,0.5714448360704636,5
-0.2502752628527515,0.7422912478937319,-1.3351128401950398,0.12864891486427774,-0.1681252770852152,0.20507341490510608,-0.1925656926349225,-0.24318080348474136,0.16808175762855285,0.7523483283460448,1.2575416535441581,7
2.178352579006222,1.007721077846494,1.3844711225192838,1.1690994916587631,2.180281065032476,-0.8685245704867958,-0.7707176225784979,1.4449392991175183,-1.0363340979890565,1.5233097162632034,1.747610808882512,7
0.3568816976119919,-0.5553656985419959,0.9660735897940033,-0.5649848029987127,-1.3892965749864148,-0.975884369025986,-0.94076230785602,-1.1163463737962194,0.23892974913547269,0.4439637731791811,2.041652302085525,6
-0.3109909588992261,-0.5553656985419959,0.28617759911542234,0.4754657737957727,-0.07418902340050748,1.4933909973753883,0.4876130484751662,0.39714061474369305,-0.044462216892200444,-0.018613059571113668,-0.11465198140323113,5
2.4819310592385935,-0.2014592586049793,1.6459695804725838,0.7066770130834363,1.0060778939736301,1.3860311988361982,1.881979467750848,2.376315907449757,-1.1071820894959732,2.7568479369306575,1.0615139914088174,6
1.3890485304020552,-0.6143501051981654,1.1229726645659832,0.3598601541519414,-0.7787109260358148,-1.0832441675651763,-0.8727444337450112,0.2807185387021713,-0.7529421319613833,1.7545981326383513,0.8654863292734766,6
1.5711956185414786,-0.7913033251666736,1.070672972975323,-0.6805904226425442,1.7105997966089375,-0.975884369025986,-1.008780181967029,0.8628289189098448,-0.1153102083991203,0.8294444671377608,-0.604721136741585,6
1.5711956185414786,-0.7913033251666736,1.070672972975323,-0.6805904226425442,1.7105997966089375,-0.975884369025986,-1.008780181967029,0.8628289189098448,-0.1153102083991203,0.8294444671377608,-0.604721136741585,6
2.178352579006222,0.270415994644376,1.2275720477473036,0.24425453450810958,0.01974723028420026,-0.975884369025986,-0.3966193149679491,2.2598938314082355,-1.3905740555236463,1.0607328835129086,0.27740334286745055,6
-0.7967165272710207,0.9487366711903251,-1.3874125317856998,-0.5649848029987127,-0.6847746723511071,2.6743487813064806,0.6576577337526883,0.6881958048475622,2.0101295368084284,1.2920212998880565,-0.5067073056739145,5
-1.0395793114569183,1.715533957720527,-1.2828131486043797,0.3598601541519414,-0.4499340381393384,0.20507341490510608,-0.3286014408569402,-0.7088691076508284,1.8684335537945918,1.908790410221783,1.845624639950184,7
0.7818915699373118,0.21143158798820713,0.2338779075247622,0.4754657737957727,0.3485241181806767,-0.009646182173274296,0.07950580380911298,0.6881958048475622,-1.461422047030566,2.140078826596931,-0.4086934746062441,6
0.47831308970494013,1.5385807377520193,-1.3874125317856998,0.24425453450810958,0.5363966255500922,-0.439085376330035,-0.5326550631899668,1.56136137515904,0.3097777406423894,1.6775019938466353,-0.9967764610122684,6
1.4497642264485293,0.8602600612060709,-0.23681931679117837,0.3598601541519414,1.1939504013430458,0.20507341490510608,-0.3286014408569402,2.1434717553667135,-0.2570061914129569,2.6026556593472256,-0.5067073056739145,6
0.47831308970494013,1.5975651444081889,-1.3874125317856998,0.24425453450810958,0.6773010060771537,-0.439085376330035,-0.6006729373009757,1.56136137515904,0.23892974913547269,1.4462135774714875,-0.9967764610122684,6
-0.37170665494570027,0.8307678578779861,-1.3874125317856998,0.013043295220445918,0.39549224502303054,-0.7611647719476056,-0.8387354966895068,0.39714061474369305,-0.32785418291987356,0.675252189554329,-1.0947902920799388,5
3.1498037157498113,0.03447836801969866,2.744263103876446,2.7875781666724073,1.8045360502936452,0.8492322061402472,1.1337828525297504,2.9584262876574954,-0.9654861064821366,0.9836367447211927,2.531721457423879,5
-0.9788636154104436,1.3321353144554262,-1.3351128401950398,0.013043295220445918,-0.1681252770852152,0.20507341490510608,-0.3966193149679491,-0.7088691076508284,1.6558895792738353,-0.2499014759462615,2.335693795288538,6
1.9354897948203245,-0.6733345118543349,1.3321714309286237,0.7066770130834363,-0.07418902340050748,1.4933909973753883,0.3855862373086529,1.968838641304431,-0.39870217442679345,1.8316942714300672,0.5714448360704636,5
1.3283328343555811,-0.6143501051981654,2.0643671131978647,0.6488742032615207,1.6166635429242304,-0.3317255777908449,-0.4986461261344624,0.16429646266064948,-0.5403981574406269,0.8294444671377608,1.2575416535441581,7
2.178352579006222,-0.5553656985419959,2.0643671131978647,0.8222826327272682,1.2878866550277535,-0.5464451748692253,-0.7026997484674891,1.91062760328367,-1.178030081002893,1.6004058550549194,-0.01663815033556071,7
2.603362451331542,-0.850287731822843,2.0643671131978647,0.24425453450810958,0.30155599133832284,-0.5464451748692253,-0.09053888146840919,2.492737983491279,-1.0363340979890565,0.2897714955957501,-0.604721136741585,6
-0.0681281747133291,1.0372132811745787,-0.18451962520051826,-0.44937918335488086,0.8182053866042154,-0.11700598071246449,1.2698186007517682,0.33892957672293217,-0.8946381149752198,0.4439637731791811,-0.9967764610122684,5
0.17473460947256847,-0.4373968852296569,0.2338779075247622,0.24425453450810958,0.20761973765361508,0.6345126090618668,0.2155415520311307,0.8628289189098448,0.3806257321493093,2.062982687805215,-0.5067073056739145,6
2.178352579006222,0.32940040130054543,2.0643671131978647,0.12864891486427774,-0.4499340381393384,-0.975884369025986,-0.22657462969042694,1.4449392991175183,-1.886509996072076,-0.6353821699048403,-0.4086934746062441,5
2.542646755285068,-0.3784124785734874,1.9074680384258844,-0.44937918335488086,-0.49690216498169226,-0.975884369025986,-0.9747712449115244,1.2120951470344747,-2.3115979451135824,1.7545981326383513,-0.2126658124709033,5
2.724793843424491,0.5358458245971387,2.0643671131978647,3.9436343631107245,0.06671535712655413,-0.8685245704867958,-0.05652994441290476,3.191270439740539,-1.7448140130582392,0.675252189554329,-0.4086934746062441,7
1.0247543541232094,-0.6143501051981654,1.2275720477473036,1.1690994916587631,1.1939504013430458,-0.8685245704867958,-0.7707176225784979,0.6881958048475622,-0.39870217442679345,2.217174965388647,1.3555554846118303,6
2.724793843424491,0.5358458245971387,2.0643671131978647,3.9436343631107245,0.06671535712655413,-0.8685245704867958,-0.05652994441290476,3.191270439740539,-1.7448140130582392,0.675252189554329,-0.4086934746062441,7
1.267617138309107,0.2999081979724607,1.802868655244564,0.24425453450810958,-0.26206153076992295,-0.439085376330035,-0.6686908114119846,1.91062760328367,-1.1071820894959732,0.36686763438746517,-1.3888317852829517,5
1.2069014422626327,-1.0862253584475208,1.3321714309286237,0.4754657737957727,3.636292997145445,-0.009646182173274296,1.0657649784187415,1.7942055272421482,-0.9654861064821366,-0.018613059571113668,-0.9967764610122684,5
0.6604601778443636,-1.4991162050407068,1.3844711225192838,0.013043295220445918,-0.3559977844546307,-0.975884369025986,-0.8727444337450112,-0.30139184150550224,-0.8237901234683,3.759097741222963,1.5515831467471712,7
-0.8574322233174948,1.4206119244396804,-1.2828131486043797,-0.1025623244233859,-0.8726471797205225,2.1375497886105297,0.6576577337526883,0.45535165276451856,1.7975855622876717,1.0607328835129086,-0.5067073056739145,5
-0.2502752628527515,-1.6760694250092152,0.704575131840703,-0.9118016619302076,-1.2014240676169994,-0.439085376330035,-0.6346818743564802,-0.010336651401633168,0.02638577461471627,1.7545981326383513,-1.6828732784859648,6
0.47831308970494013,-1.4401317983845372,1.1229726645659832,-0.6805904226425442,-0.6847746723511071,1.1713116017578178,0.07950580380911298,-0.010336651401633168,0.02638577461471627,3.0652324920975214,0.17938951179978013,6
-0.5538537430851231,0.15244718133203763,-0.23681931679117837,-0.2181679440672172,1.1469822745006917,-0.3317255777908449,0.9637381672522283,-0.4760249555677849,-1.886509996072076,-0.09570919836282961,-1.192804123147611,5
1.9354897948203245,0.09346277467586815,2.325865571151165,2.3251556880970807,1.9924085576630608,-0.975884369025986,-0.9747712449115244,0.9792509949513666,-2.169901962099749,1.4462135774714875,1.3555554846118303,7
1.9354897948203245,-0.4373968852296569,1.2275720477473036,0.7066770130834363,-0.1681252770852152,0.41979301198348645,0.11351474086461742,2.0852607173459528,-0.39870217442679345,3.604905463639533,0.5714448360704636,6
0.6604601778443636,-1.4991162050407068,1.3844711225192838,0.013043295220445918,-0.3559977844546307,-0.975884369025986,-0.8727444337450112,-0.30139184150550224,-0.8237901234683,3.759097741222963,1.5515831467471712,7
1.8747740987738504,0.5948302312533081,2.0643671131978647,4.406056841686052,0.30155599133832284,-0.975884369025986,-0.6686908114119846,1.2120951470344747,-1.461422047030566,2.6797517981389416,2.825762950626892,6
-0.007412478666853906,-0.6143501051981654,0.5999757486593827,0.12864891486427774,0.583364752392446,0.9565920046794374,0.5556309225861751,0.6881958048475622,-0.044462216892200444,0.4439637731791811,0.3754171739351227,6
-0.007412478666853906,-1.5581006116968763,0.8091745150220229,-0.44937918335488086,-0.07418902340050748,-0.439085376330035,-0.5666640002454713,0.39714061474369305,-0.7529421319613833,1.2149251610963405,-0.9967764610122684,6
-0.007412478666853906,-1.5581006116968763,0.8091745150220229,-0.44937918335488086,-0.07418902340050748,-0.439085376330035,-0.5666640002454713,0.39714061474369305,-0.7529421319613833,1.2149251610963405,-0.9967764610122684,6
-0.007412478666853906,-1.5581006116968763,0.8091745150220229,-0.44937918335488086,-0.07418902340050748,-0.439085376330035,-0.5666640002454713,0.39714061474369305,-0.7529421319613833,1.2149251610963405,-0.9967764610122684,6
-0.37170665494570027,-0.08349044529264033,0.07697883275278215,-0.33377356371104905,0.25458786449596893,0.8492322061402472,0.3515773002531485,0.746406842868323,0.7348656896838991,0.7523483283460448,-1.192804123147611,5
-0.5538537430851231,0.6243224345813929,-1.0213146906510793,0.013043295220445918,0.39549224502303054,-0.439085376330035,-0.22657462969042694,0.6881958048475622,0.805713681190819,0.9065406059294767,-0.7027349678092571,6
-0.3109909588992261,0.09346277467586815,-0.02762055042853807,-0.44937918335488086,0.30155599133832284,0.8492322061402472,0.14752367792012186,0.8046178808890839,0.6640176981769824,0.7523483283460448,-1.192804123147611,6
-0.007412478666853906,0.8012756545499014,-0.6029171579257989,-0.5649848029987127,-0.12115715024286135,0.20507341490510608,-0.05652994441290476,0.2807185387021713,-0.044462216892200444,-0.7895744474882722,-0.8007487988769275,6
-0.3109909588992261,-0.3784124785734874,-0.02762055042853807,-0.5649848029987127,0.30155599133832284,0.8492322061402472,0.31756836319764403,0.8046178808890839,0.805713681190819,0.7523483283460448,-1.192804123147611,6
0.7818915699373118,-0.850287731822843,0.2338779075247622,0.12864891486427774,0.6773010060771537,0.0977136163659159,0.18153261497562628,0.8628289189098448,-0.8946381149752198,0.4439637731791811,-0.4086934746062441,7
-1.6467362719216616,1.9219793810171204,-1.1259140738323996,-1.1430129012178714,-1.7180734628828915,-0.3317255777908449,1.5078811601402993,-2.5134112862946747,1.726737570780755,1.3691174386797715,2.4337076263562083,8
0.7211758738908377,-0.9092721384790126,1.3321714309286237,-0.44937918335488086,0.01974723028420026,-0.975884369025986,-0.6006729373009757,0.746406842868323,-0.9654861064821366,-1.02086286386342,-0.898762629944598,5
0.05330321737962022,0.8307678578779861,1.802868655244564,-0.44937918335488086,1.428791035554815,-0.22436577925165468,1.7459437195288303,0.16429646266064948,-1.1071820894959732,-0.7895744474882722,-1.2908179542152813,5
2.664078147378016,0.4473692146128844,2.0120674216072048,-0.1025623244233859,-0.8726471797205225,-0.975884369025986,-0.6346818743564802,1.7359944892213874,-2.0282059790859126,-0.5582860311131252,-0.5067073056739145,5
2.2390682750526962,-0.9092721384790126,2.587364029104465,2.093944448809417,-0.731742799193461,-0.8685245704867958,-0.1925656926349225,2.1434717553667135,-0.6820941404544635,-0.32699761473797745,2.531721457423879,7
1.9354897948203245,0.38838480795671493,1.698269272063244,0.24425453450810958,0.25458786449596893,-0.22436577925165468,0.18153261497562628,1.2120951470344747,-0.9654861064821366,0.058483079220602266,0.5714448360704636,6
1.9354897948203245,0.38838480795671493,1.698269272063244,0.24425453450810958,0.25458786449596893,-0.22436577925165468,0.18153261497562628,1.2120951470344747,-0.9654861064821366,0.058483079220602266,0.5714448360704636,6
0.23545030551904259,1.4206119244396804,-0.23681931679117837,-0.1025623244233859,-0.8256790528781687,-0.6538049734084155,-0.05652994441290476,-0.24318080348474136,-1.5322700385374828,-0.7124783086965563,-0.9967764610122684,5
-0.37170665494570027,-1.5581006116968763,0.1815782159341021,-0.7961960422863761,-1.060519687089938,0.5271528105226766,-0.1925656926349225,-1.0581353357754584,-0.18615819990603702,-1.3292474190302839,0.3754171739351227,6
2.3604996671456444,-0.2604436652611488,1.436770814109944,0.24425453450810958,0.16065161081126186,0.41979301198348645,0.6916666708081928,1.91062760328367,-1.5322700385374828,-0.2499014759462615,0.08137568073210971,6
1.8747740987738504,0.4473692146128844,1.1752723561566434,0.3598601541519414,0.16065161081126186,-0.5464451748692253,-0.09053888146840919,1.56136137515904,-1.178030081002893,-0.09570919836282961,0.08137568073210971,6
-0.37170665494570027,0.9782288745184092,-1.1259140738323996,0.3598601541519414,-0.3090296576122768,-0.009646182173274296,-0.5666640002454713,0.39714061474369305,-0.39870217442679345,-0.2499014759462615,-1.2908179542152813,5
0.23545030551904259,-1.2631785784160292,1.0183732813846633,-1.1430129012178714,-1.060519687089938,-0.439085376330035,-0.6346818743564802,-0.06854768942239406,0.3097777406423894,0.9065406059294767,-0.3106796435385737,6
0.9033229620302612,-0.4963812918858264,1.070672972975323,0.12864891486427774,-0.8726471797205225,-0.6538049734084155,-0.5326550631899668,0.8046178808890839,-0.5403981574406269,0.058483079220602266,0.3754171739351227,6
2.2390682750526962,-0.7913033251666736,2.0643671131978647,0.7066770130834363,0.5363966255500922,-0.3317255777908449,-0.46463718907895796,1.6777834512006264,-0.9654861064821366,-0.09570919836282961,0.3754171739351227,7
1.267617138309107,-1.0862253584475208,1.6459695804725838,1.5159163505902586,4.340814899780751,-0.975884369025986,-0.94076230785602,0.16429646266064948,-0.8946381149752198,0.4439637731791811,0.8654863292734766,6
2.542646755285068,-0.3784124785734874,1.1752723561566434,2.440761307740912,-0.5438702918240454,1.1713116017578178,0.18153261497562628,0.8046178808890839,-1.886509996072076,-0.5582860311131252,-0.8007487988769275,4
0.41759739365846604,-0.5553656985419959,0.39077698229674257,0.12864891486427774,-0.07418902340050748,1.1713116017578178,1.4398632860292904,1.153884109013714,0.45147372365622596,-0.17280533715454555,-0.898762629944598,6
0.47831308970494013,-0.4373968852296569,0.44307667388740235,0.013043295220445918,-0.07418902340050748,0.8492322061402472,1.167791789585255,1.153884109013714,0.45147372365622596,-0.17280533715454555,-0.898762629944598,5
-0.7360008312245466,1.243658704471172,-0.5506174663351387,-0.5649848029987127,0.8651735134465692,-0.009646182173274296,1.1337828525297504,-0.06854768942239406,-0.32785418291987356,-0.018613059571113668,-1.0947902920799388,5
0.9640386580767353,-0.732318918510504,1.3844711225192838,4.984084939905211,0.7242691329195077,-0.975884369025986,-0.8387354966895068,1.095673070992953,-0.32785418291987356,1.3691174386797715,1.2575416535441581,7
0.29616600156551776,-0.024506038636470828,0.39077698229674257,0.3598601541519414,0.25458786449596893,0.9565920046794374,2.66418502002745,0.8628289189098448,-0.39870217442679345,-0.2499014759462615,-0.898762629944598,5
0.17473460947256847,1.1846742978150024,-0.1322199336098583,4.868479320261377,1.6636316697665843,1.7081105944537687,3.072292264693503,2.725582135574452,0.02638577461471627,3.296520908472669,-1.0947902920799388,5
1.3890485304020552,-0.2604436652611488,1.9597677300165446,-0.2181679440672172,1.3818229087124612,-0.975884369025986,-0.8047265596340023,0.16429646266064948,-0.39870217442679345,0.1355792180123182,1.2575416535441581,6
-0.7967165272710207,0.32940040130054543,-0.7598162326977791,-0.5649848029987127,0.4424603718653844,2.030189990071339,2.732202894138459,-0.6506580696300676,0.8765616726977357,-1.252151280238568,0.08137568073210971,5
2.178352579006222,-0.850287731822843,1.2798717393379635,-0.44937918335488086,1.8515041771359992,-0.8685245704867958,-0.8047265596340023,1.6777834512006264,-0.5403981574406269,0.9065406059294767,-0.01663815033556071,6
-0.9181479193639694,1.450104127767765,-1.3874125317856998,-0.6805904226425442,-0.731742799193461,2.030189990071339,0.2835594261421396,0.5135626907852795,2.151825519822265,0.2897714955957501,-0.5067073056739145,5
0.7211758738908377,0.21143158798820713,0.33847729070608246,0.013043295220445918,0.3485241181806767,2.1375497886105297,0.7936934819747061,0.2807185387021713,-0.2570061914129569,0.675252189554329,1.3555554846118303,7
-1.0395793114569183,1.8629949743609509,-1.2305134570137197,-0.1025623244233859,-1.060519687089938,1.815470392992959,0.14752367792012186,-0.8835022217131757,1.443345604753082,-0.6353821699048403,1.845624639950184,7
-0.37170665494570027,2.570807854234984,-0.34141869997249846,-0.44937918335488086,-1.6241372091981838,-0.009646182173274296,0.5556309225861751,-0.7088691076508284,0.3097777406423894,-1.560535835405431,0.4734310050027931,5
1.3283328343555811,-1.6760694250092152,1.070672972975323,-0.33377356371104905,-0.731742799193461,-0.975884369025986,-0.6686908114119846,0.6299847668268013,-1.178030081002893,1.985886549013499,0.5714448360704636,7
-0.37170665494570027,2.570807854234984,-0.34141869997249846,-0.44937918335488086,-1.6241372091981838,-0.009646182173274296,0.5556309225861751,-0.7088691076508284,0.3097777406423894,-1.560535835405431,0.4734310050027931,5
-1.0395793114569183,1.8629949743609509,-1.2305134570137197,-0.1025623244233859,-1.060519687089938,1.815470392992959,0.14752367792012186,-0.8835022217131757,1.443345604753082,-0.6353821699048403,1.845624639950184,7
-1.1610107035498665,0.8602600612060709,-0.9690149990604192,-0.33377356371104905,-1.7180734628828915,0.41979301198348645,0.14752367792012186,-1.0581353357754584,1.2308016302323286,-1.175055141446852,0.9635001603411469,6
0.7211758738908377,1.5090885344239346,-0.23681931679117837,-0.5649848029987127,-0.21509340392756907,-0.975884369025986,-0.3966193149679491,1.2120951470344747,-0.39870217442679345,-0.6353821699048403,0.17938951179978013,6
0.47831308970494013,-0.024506038636470828,0.33847729070608246,-1.258618520861703,-0.5438702918240454,-0.6538049734084155,-0.46463718907895796,0.6299847668268013,-0.5403981574406269,-0.32699761473797745,-1.0947902920799388,5
2.724793843424491,1.8629949743609509,1.9074680384258844,0.013043295220445918,0.30155599133832284,-0.22436577925165468,-0.2945925038014358,1.7359944892213874,-1.5322700385374828,-0.32699761473797745,-0.01663815033556071,6
1.3283328343555811,-1.6760694250092152,1.070672972975323,-0.33377356371104905,-0.731742799193461,-0.975884369025986,-0.6686908114119846,0.6299847668268013,-1.178030081002893,1.985886549013499,0.5714448360704636,7
-0.3109909588992261,0.15244718133203763,0.44307667388740235,-0.2181679440672172,-0.3559977844546307,0.6345126090618668,0.7596845449192017,0.39714061474369305,-0.46955016593371013,-0.6353821699048403,-1.192804123147611,5
2.178352579006222,-0.9092721384790126,2.2212661879698445,-0.1025623244233859,-0.1681252770852152,-0.3317255777908449,-0.6686908114119846,-0.5342359935885458,-2.2407499536066657,0.058483079220602266,2.335693795288538,6
2.4212153631921196,-0.7913033251666736,1.9074680384258844,-0.1025623244233859,0.4424603718653844,-0.975884369025986,-0.8727444337450112,2.1434717553667135,-1.1071820894959732,-1.175055141446852,-0.898762629944598,5
1.267617138309107,-0.6733345118543349,1.489070505700604,0.9378882523711,-0.26206153076992295,0.741872407601057,0.3515773002531485,1.6777834512006264,-1.178030081002893,1.908790410221783,-0.5067073056739145,6
2.4212153631921196,-0.7913033251666736,1.9074680384258844,-0.1025623244233859,0.4424603718653844,-0.975884369025986,-0.8727444337450112,2.1434717553667135,-1.1071820894959732,-1.175055141446852,-0.898762629944598,5
-0.18955956680627734,0.8602600612060709,0.1815782159341021,-0.44937918335488086,-1.0135515602475842,2.4596291842281,0.623648796697184,-0.5342359935885458,-0.39870217442679345,-0.6353821699048403,-0.2126658124709033,6
1.6926270106344268,-0.4373968852296569,2.4304649543324848,0.9378882523711,-0.731742799193461,-0.975884369025986,-0.7367086855229934,1.095673070992953,-1.0363340979890565,0.1355792180123182,0.7674724982058044,6
1.267617138309107,-0.6733345118543349,1.489070505700604,0.9378882523711,-0.26206153076992295,0.741872407601057,0.3515773002531485,1.6777834512006264,-1.178030081002893,1.908790410221783,-0.5067073056739145,6
-0.7967165272710207,0.5653380279252235,-0.4460180831538187,-1.0274072815740394,-0.9196153065628765,-0.8685245704867958,0.2155415520311307,-0.9417132597339366,-1.6739660215513195,-0.32699761473797745,-1.0947902920799388,5
2.603362451331542,-1.2631785784160292,2.378165262741825,-0.2181679440672172,-0.4499340381393384,-0.975884369025986,-0.4986461261344624,1.153884109013714,-3.090925851689685,1.3691174386797715,-0.604721136741585,8
2.178352579006222,-0.732318918510504,2.0120674216072048,-0.2759707538891334,-0.6378065455087533,-0.8685245704867958,-0.5666640002454713,1.2120951470344747,-1.815662004565156,0.2897714955957501,0.8654863292734766,6
1.0247543541232094,-0.4963812918858264,1.1752723561566434,0.3598601541519414,-0.21509340392756907,-0.439085376330035,-0.8387354966895068,-0.24318080348474136,-0.6112461489475467,-0.09570919836282961,1.1595278224764878,7
-1.8288833600610845,0.270415994644376,-1.3351128401950398,-0.7961960422863761,-1.295360321301707,-1.0832441675651763,-0.5666640002454713,-1.931300906087001,1.7975855622876717,1.5233097162632034,2.041652302085525,7
0.7211758738908377,1.243658704471172,-0.8644156158790992,-0.33377356371104905,-0.12115715024286135,-0.975884369025986,-0.43062825202345356,1.095673070992953,-0.6112461489475467,-0.6353821699048403,-0.3106796435385737,6
2.542646755285068,-0.850287731822843,1.7505689636539041,0.24425453450810958,-0.027220896558153608,1.7081105944537687,0.9637381672522283,1.6777834512006264,-1.5322700385374828,0.675252189554329,0.08137568073210971,5
0.5997444817978894,-0.2604436652611488,0.12927852434344198,-0.33377356371104905,2.133312938190122,-0.975884369025986,-0.94076230785602,0.04787438661912772,-0.6820941404544635,0.598156050762613,0.7674724982058044,5
0.17473460947256847,0.03447836801969866,-0.23681931679117837,-0.44937918335488086,0.8651735134465692,-0.8685245704867958,-0.5666640002454713,-0.010336651401633168,-0.8237901234683,-0.6353821699048403,-0.2126658124709033,6
2.178352579006222,-0.7913033251666736,2.2212661879698445,0.4754657737957727,0.6303328792347999,0.20507341490510608,-0.2945925038014358,1.56136137515904,-1.5322700385374828,-0.2499014759462615,0.3754171739351227,6
2.178352579006222,-0.7913033251666736,2.2212661879698445,0.4754657737957727,0.6303328792347999,0.20507341490510608,-0.2945925038014358,1.56136137515904,-1.5322700385374828,-0.2499014759462615,0.3754171739351227,6
-0.9181479193639694,0.21143158798820713,-1.2305134570137197,-0.7961960422863761,0.113683483968908,0.31243321344429625,-0.2945925038014358,0.04787438661912772,0.8765616726977357,-0.09570919836282961,-0.4086934746062441,6
1.267617138309107,-1.14520976510369,1.9074680384258844,0.4754657737957727,0.113683483968908,-1.0832441675651763,-0.7367086855229934,1.7942055272421482,-0.39870217442679345,0.7523483283460448,0.7674724982058044,7
-0.7967165272710207,-1.7350538316653847,0.704575131840703,-0.9118016619302076,-0.8726471797205225,0.6345126090618668,0.7936934819747061,-0.8835022217131757,1.3016496217392455,-0.09570919836282961,0.669458667138134,5
1.8140584027273763,0.5653380279252235,2.1166668047885246,3.2500006452477344,0.20761973765361508,-0.975884369025986,-0.8387354966895068,1.2120951470344747,-0.6820941404544635,0.36686763438746517,2.923776781694562,8
0.3568816976119919,0.38838480795671493,0.6522754402500428,-0.1025623244233859,0.6303328792347999,-1.0832441675651763,-0.7367086855229934,1.095673070992953,0.3806257321493093,-0.4811898923214093,-0.11465198140323113,5
0.5390287857514142,0.6243224345813929,-0.2891190083818385,0.3598601541519414,0.7242691329195077,1.4933909973753883,0.7256756078636972,1.2120951470344747,-0.2570061914129569,-0.4811898923214093,-0.8007487988769275,5
1.267617138309107,-1.14520976510369,1.9074680384258844,0.4754657737957727,0.113683483968908,-1.0832441675651763,-0.7367086855229934,1.7942055272421482,-0.39870217442679345,0.7523483283460448,0.7674724982058044,7
1.9962054908667985,0.32940040130054543,2.0643671131978647,-0.2181679440672172,-0.3559977844546307,-0.5464451748692253,0.11351474086461742,2.376315907449757,-0.46955016593371013,-0.5582860311131252,-1.3888317852829517,3
0.5390287857514142,-0.5553656985419959,1.3321714309286237,-0.1025623244233859,0.06671535712655413,-0.11700598071246449,-0.7026997484674891,0.5135626907852795,0.23892974913547269,-0.2499014759462615,0.8654863292734766,6
-0.007412478666853906,0.5358458245971387,-0.23681931679117837,0.24425453450810958,0.25458786449596893,-0.975884369025986,-0.8387354966895068,0.8628289189098448,-0.39870217442679345,-0.2499014759462615,-1.0947902920799388,5
1.6319113145879527,-1.5581006116968763,2.168966496379185,0.1864517246861934,0.16065161081126186,-0.5464451748692253,-0.6346818743564802,0.16429646266064948,-0.9654861064821366,-0.2499014759462615,1.3555554846118303,5
-0.12884387075980322,0.8012756545499014,2.2735658795605045,-0.2181679440672172,0.7712372597618615,1.0639518032186277,2.902247579415981,0.2807185387021713,-1.6739660215513195,-0.8666705862799882,-1.3888317852829517,5
1.9354897948203245,-1.2336863750879443,1.436770814109944,-0.33377356371104905,0.113683483968908,-1.0832441675651763,-0.9747712449115244,1.153884109013714,-2.382445936620502,0.4439637731791811,-1.192804123147611,6
1.0247543541232094,-1.381147391728368,0.704575131840703,0.5910713934396046,0.7712372597618615,-0.5464451748692253,-0.6006729373009757,2.2598938314082355,1.1599536387254088,2.062982687805215,-0.7027349678092571,5
1.2069014422626327,-0.14247485194880982,0.8091745150220229,-0.44937918335488086,-0.5908384186663994,0.6345126090618668,0.24955048908663516,0.8628289189098448,-1.1071820894959732,0.598156050762613,1.0615139914088174,6
1.8747740987738504,-0.968256545135182,2.2212661879698445,-0.33377356371104905,0.39549224502303054,-0.975884369025986,-0.7707176225784979,1.91062760328367,-1.0363340979890565,-0.17280533715454555,-1.192804123147611,6
0.23545030551904259,1.745026161048612,-1.2828131486043797,-1.3742241405055347,-0.5438702918240454,2.2449095871497198,0.14752367792012186,-0.8835022217131757,-0.8237901234683,-0.4811898923214093,-0.604721136741585,5
2.8462252355174393,-1.2041941717598597,2.0120674216072048,0.24425453450810958,0.5363966255500922,-0.009646182173274296,0.11351474086461742,1.6777834512006264,-1.886509996072076,-0.2499014759462615,0.17938951179978013,5
0.7818915699373118,0.09346277467586815,0.8091745150220229,0.013043295220445918,-0.027220896558153608,1.0639518032186277,0.2835594261421396,0.16429646266064948,-0.8237901234683,0.5210599119708971,0.9635001603411469,6
2.542646755285068,-0.9092721384790126,1.489070505700604,0.24425453450810958,0.06671535712655413,1.0639518032186277,0.8277024190302106,1.6195724131798657,-1.178030081002893,1.3691174386797715,-0.01663815033556071,6
0.9640386580767353,-1.0272409517913514,1.489070505700604,-0.33377356371104905,-0.9196153065628765,-1.0832441675651763,-1.008780181967029,0.2225075006814104,-0.39870217442679345,1.1378290223046246,0.17938951179978013,5
1.3283328343555811,-1.4401317983845372,1.2798717393379635,-0.7961960422863761,-0.07418902340050748,-0.5464451748692253,-0.6686908114119846,0.8628289189098448,-0.8237901234683,1.908790410221783,-0.9967764610122684,6
0.7818915699373118,0.9192444678622403,-0.1322199336098583,-0.2181679440672172,0.25458786449596893,-1.0832441675651763,-0.5326550631899668,1.2120951470344747,-1.2488780725098096,-0.32699761473797745,-0.2126658124709033,5
0.5997444817978894,-1.4991162050407068,0.7568748234313628,-0.44937918335488086,0.4424603718653844,-0.975884369025986,-0.94076230785602,0.746406842868323,-0.2570061914129569,0.4439637731791811,-0.7027349678092571,5
1.267617138309107,-1.6760694250092152,1.1752723561566434,-0.6805904226425442,-0.3090296576122768,-0.975884369025986,-0.8047265596340023,0.5717737288060404,-0.9654861064821366,3.2194247696809533,0.5714448360704636,6
0.7818915699373118,0.9192444678622403,-0.1322199336098583,-0.2181679440672172,0.25458786449596893,-1.0832441675651763,-0.5326550631899668,1.2120951470344747,-1.2488780725098096,-0.32699761473797745,-0.2126658124709033,5
0.6604601778443636,0.9487366711903251,-0.8121159242884392,0.3598601541519414,-0.21509340392756907,-0.975884369025986,-0.43062825202345356,0.9792509949513666,-0.8946381149752198,0.4439637731791811,-0.3106796435385737,6
0.6604601778443636,-1.3221629850721985,1.5413701972912641,0.4754657737957727,-0.07418902340050748,-0.975884369025986,-0.9067533708005157,-0.18496976546398047,-1.178030081002893,2.140078826596931,1.2575416535441581,8
1.3890485304020552,-0.968256545135182,1.698269272063244,-0.2181679440672172,3.3075161092489678,-0.975884369025986,-0.8727444337450112,1.095673070992953,-1.9573579875789926,3.1423286308892373,-0.9967764610122684,5
1.3890485304020552,-0.968256545135182,1.7505689636539041,-0.2181679440672172,3.3075161092489678,-0.8685245704867958,-0.8727444337450112,1.095673070992953,-1.9573579875789926,3.2194247696809533,-0.9967764610122684,5
1.3890485304020552,-0.4963812918858264,2.168966496379185,1.978338829165585,1.5227272892395227,-0.975884369025986,-0.6686908114119846,0.16429646266064948,-1.815662004565156,0.1355792180123182,2.923776781694562,6
1.1461857462161575,0.8602600612060709,0.6522754402500428,-0.5649848029987127,-1.295360321301707,-0.975884369025986,-0.9067533708005157,0.5135626907852795,-1.0363340979890565,-1.3292474190302839,-0.4086934746062441,5
1.1461857462161575,0.8602600612060709,0.6522754402500428,-0.5649848029987127,-1.295360321301707,-0.975884369025986,-0.9067533708005157,0.5135626907852795,-1.0363340979890565,-1.3292474190302839,-0.4086934746062441,5
1.1461857462161575,0.7127990445656471,0.49537636547806246,-0.6805904226425442,-1.342328448144061,-1.0832441675651763,-1.008780181967029,0.8628289189098448,-1.0363340979890565,-1.714728112988863,-0.4086934746062441,6
1.9962054908667985,-1.2041941717598597,1.489070505700604,0.4754657737957727,-0.027220896558153608,2.1375497886105297,0.7936934819747061,2.027049679325192,0.02638577461471627,2.140078826596931,0.3754171739351227,7
0.5997444817978894,-0.7913033251666736,0.704575131840703,0.24425453450810958,-0.40296591129698456,-0.5464451748692253,-0.6006729373009757,0.9792509949513666,0.16808175762855285,0.8294444671377608,-0.2126658124709033,6
0.5997444817978894,1.4795963310958498,0.024679141162122043,0.4754657737957727,-0.1681252770852152,0.9565920046794374,0.41959517436415733,0.9792509949513666,-0.044462216892200444,0.21267535680403415,0.17938951179978013,6
0.5390287857514142,-0.6733345118543349,1.2275720477473036,0.12864891486427774,-1.2483921944593532,-0.3317255777908449,-0.6346818743564802,-0.8835022217131757,0.16808175762855285,1.1378290223046246,2.825762950626892,7
0.3568816976119919,-0.732318918510504,1.2798717393379635,0.24425453450810958,-1.3892965749864148,-0.22436577925165468,-0.5666640002454713,-0.9999242977546975,0.02638577461471627,1.985886549013499,2.923776781694562,7
0.23545030551904259,0.9782288745184092,0.2338779075247622,0.7066770130834363,0.20761973765361508,0.8492322061402472,1.2698186007517682,2.027049679325192,1.1599536387254088,0.7523483283460448,1.1595278224764878,6
1.4497642264485293,-1.0272409517913514,1.3844711225192838,0.24425453450810958,-0.5438702918240454,-1.0832441675651763,-0.94076230785602,0.2807185387021713,-1.178030081002893,0.058483079220602266,0.5714448360704636,8
-0.3109909588992261,-0.024506038636470828,-0.07992024201919819,-0.5649848029987127,-0.027220896558153608,-0.11700598071246449,-0.1925656926349225,0.9792509949513666,0.805713681190819,0.058483079220602266,-1.3888317852829517,6
-0.675285135178072,-1.0862253584475208,0.28617759911542234,0.12864891486427774,0.39549224502303054,2.996428176924051,2.35810458652791,-0.06854768942239406,0.02638577461471627,1.1378290223046246,0.669458667138134,5
1.4497642264485293,-1.0272409517913514,1.3844711225192838,0.24425453450810958,-0.5438702918240454,-1.0832441675651763,-0.94076230785602,0.2807185387021713,-1.178030081002893,0.058483079220602266,0.5714448360704636,8
0.23545030551904259,0.9782288745184092,0.2338779075247622,0.7066770130834363,0.20761973765361508,0.8492322061402472,1.2698186007517682,2.027049679325192,1.1599536387254088,0.7523483283460448,1.1595278224764878,6
-0.3109909588992261,-0.024506038636470828,-0.07992024201919819,-0.5649848029987127,-0.027220896558153608,-0.11700598071246449,-0.1925656926349225,0.9792509949513666,0.805713681190819,0.058483079220602266,-1.3888317852829517,6
1.267617138309107,-0.4963812918858264,2.4304649543324848,4.810676510439463,-0.3559977844546307,2.4596291842281,1.099773915474246,1.3285172230759965,-1.0363340979890565,1.6004058550549194,1.5515831467471712,7
1.267617138309107,-0.4963812918858264,2.4304649543324848,4.810676510439463,-0.3559977844546307,2.4596291842281,1.099773915474246,1.3285172230759965,-1.0363340979890565,1.6004058550549194,1.5515831467471712,7
1.3283328343555811,-1.5581006116968763,1.070672972975323,-0.5649848029987127,-0.1681252770852152,-0.975884369025986,-0.6686908114119846,0.5135626907852795,-0.9654861064821366,3.0652324920975214,0.4734310050027931,7
1.3283328343555811,-1.6760694250092152,0.8091745150220229,-0.6805904226425442,-0.21509340392756907,-0.975884369025986,-0.7367086855229934,0.5135626907852795,-0.7529421319613833,3.1423286308892373,0.3754171739351227,7
1.1461857462161575,-0.2014592586049793,1.9074680384258844,0.5910713934396046,-0.4499340381393384,-0.5464451748692253,-0.6006729373009757,0.04787438661912772,-1.1071820894959732,1.0607328835129086,2.041652302085525,7
1.267617138309107,-1.6760694250092152,1.0183732813846633,-0.6805904226425442,-0.3090296576122768,-0.975884369025986,-0.7707176225784979,0.5135626907852795,-0.46955016593371013,2.9110402145140895,0.3754171739351227,7
1.753342706680901,0.8602600612060709,1.489070505700604,-0.1025623244233859,0.113683483968908,-0.975884369025986,-1.0427891190225334,1.91062760328367,-1.0363340979890565,0.5210599119708971,-0.898762629944598,6
1.0247543541232094,0.38838480795671493,0.2338779075247622,-0.2181679440672172,0.39549224502303054,1.1713116017578178,0.623648796697184,1.56136137515904,-0.9654861064821366,-0.09570919836282961,-0.2126658124709033,6
3.0283723236568627,-1.381147391728368,2.535064337513805,0.4754657737957727,0.113683483968908,0.8492322061402472,-0.02252100735740032,1.095673070992953,-1.9573579875789926,0.2897714955957501,0.9635001603411469,7
2.4819310592385935,-0.6143501051981654,1.1752723561566434,2.5563669273847434,-0.40296591129698456,0.41979301198348645,-0.02252100735740032,0.6299847668268013,-2.0990539705928293,-0.2499014759462615,-0.898762629944598,5
1.0247543541232094,0.38838480795671493,0.2338779075247622,-0.2181679440672172,0.39549224502303054,1.1713116017578178,0.623648796697184,1.56136137515904,-0.9654861064821366,-0.09570919836282961,-0.2126658124709033,6
1.4497642264485293,-0.732318918510504,1.1229726645659832,-0.33377356371104905,2.0393766845054144,-0.009646182173274296,0.18153261497562628,0.746406842868323,-2.0282059790859126,1.2920212998880565,-0.7027349678092571,6
1.3283328343555811,-0.08349044529264033,1.9597677300165446,0.013043295220445918,1.1939504013430458,-0.975884369025986,-0.9747712449115244,0.33892957672293217,-1.6031180300444028,0.1355792180123182,1.3555554846118303,7
1.3283328343555811,-0.08349044529264033,1.9597677300165446,0.013043295220445918,1.1939504013430458,-0.975884369025986,-0.9747712449115244,0.33892957672293217,-1.6031180300444028,0.1355792180123182,1.3555554846118303,7
2.542646755285068,0.4473692146128844,1.1752723561566434,2.2095500684532485,0.8651735134465692,-1.0832441675651763,-1.008780181967029,2.492737983491279,-0.46955016593371013,0.7523483283460448,1.4535693156795009,6
1.267617138309107,0.5063536212690539,1.1752723561566434,-0.33377356371104905,5.561986197681952,-1.0832441675651763,-0.94076230785602,1.56136137515904,-1.1071820894959732,-0.09570919836282961,-1.9769147716889761,3
1.5711956185414786,-1.8530226449777236,1.1752723561566434,0.4754657737957727,0.30155599133832284,-0.439085376330035,-0.3966193149679491,0.2807185387021713,-0.6820941404544635,0.2897714955957501,1.2575416535441581,6
-0.6145694391315978,-0.9387643418070972,1.1752723561566434,0.12864891486427774,0.30155599133832284,2.56698898276729,2.120042027139379,-0.06854768942239406,0.3097777406423894,1.0607328835129086,0.5714448360704636,5
0.9033229620302612,-1.6170850183530459,1.1752723561566434,0.3598601541519414,0.30155599133832284,-0.009646182173274296,-0.36261037791244466,0.8628289189098448,0.7348656896838991,1.985886549013499,-0.4086934746062441,6
-0.4324223509921749,-0.6733345118543349,1.1752723561566434,-0.44937918335488086,0.30155599133832284,0.0977136163659159,-0.02252100735740032,0.746406842868323,1.1599536387254088,-0.018613059571113668,-1.2908179542152813,5
-0.0681281747133291,-0.7913033251666736,1.1752723561566434,-0.1025623244233859,0.8182053866042154,3.4258673710808116,3.038283327637999,0.6881958048475622,0.45147372365622596,2.6797517981389416,-0.604721136741585,5
0.5997444817978894,-0.732318918510504,1.1752723561566434,0.12864891486427774,0.16065161081126186,2.4596291842281,3.3443637611375387,0.6299847668268013,-0.6820941404544635,-0.7124783086965563,-0.9967764610122684,5
0.5390287857514142,-0.5553656985419959,1.1752723561566434,0.013043295220445918,0.20761973765361508,0.8492322061402472,2.4601313976944232,0.5135626907852795,-0.6112461489475467,-0.018613059571113668,-0.898762629944598,5
1.267617138309107,0.6833068412375624,-0.1322199336098583,0.4754657737957727,1.1000141476583378,1.4933909973753883,0.31756836319764403,1.7942055272421482,-0.5403981574406269,0.21267535680403415,-0.5067073056739145,5
-0.6145694391315978,-0.9387643418070972,1.1752723561566434,0.12864891486427774,0.30155599133832284,2.56698898276729,2.120042027139379,-0.06854768942239406,0.3097777406423894,1.0607328835129086,0.5714448360704636,5
-0.7967165272710207,-0.850287731822843,1.1752723561566434,0.12864891486427774,0.7242691329195077,1.922830191532149,1.405854348973786,-0.30139184150550224,0.5223217151631458,0.9836367447211927,0.9635001603411469,6
-0.0681281747133291,-0.6143501051981654,1.1752723561566434,0.24425453450810958,0.113683483968908,1.815470392992959,0.3855862373086529,1.2120951470344747,0.16808175762855285,0.8294444671377608,-1.6828732784859648,6
0.9640386580767353,0.6243224345813929,-0.1322199336098583,0.013043295220445918,-0.21509340392756907,-0.975884369025986,-0.36261037791244466,0.39714061474369305,-1.6031180300444028,-0.5582860311131252,-0.9967764610122684,5
0.47831308970494013,-1.7940382383215543,-0.1322199336098583,-0.33377356371104905,-0.1681252770852152,-1.5126833617219368,-0.5326550631899668,1.3285172230759965,0.6640176981769824,1.7545981326383513,-0.11465198140323113,6
2.178352579006222,-0.850287731822843,1.1752723561566434,0.3598601541519414,0.7712372597618615,-0.3317255777908449,-0.05652994441290476,2.1434717553667135,-1.1071820894959732,-0.2499014759462615,-0.11465198140323113,5
2.178352579006222,-0.850287731822843,1.1752723561566434,0.3598601541519414,0.7712372597618615,-0.3317255777908449,-0.05652994441290476,2.1434717553667135,-1.1071820894959732,-0.2499014759462615,-0.11465198140323113,5
1.2069014422626327,-1.4991162050407068,-0.1322199336098583,-0.33377356371104905,-0.4499340381393384,-0.009646182173274296,-0.36261037791244466,-0.6506580696300676,-0.6820941404544635,0.1355792180123182,2.335693795288538,6
1.0247543541232094,-0.2604436652611488,-0.1322199336098583,0.3598601541519414,0.9591097671312763,-0.22436577925165468,-0.3966193149679491,1.91062760328367,-0.2570061914129569,-0.6353821699048403,-0.4086934746062441,6
0.47831308970494013,-1.7940382383215543,-0.1322199336098583,-0.33377356371104905,-0.1681252770852152,-1.5126833617219368,-0.5326550631899668,1.3285172230759965,0.6640176981769824,1.7545981326383513,-0.11465198140323113,6
0.9640386580767353,0.6243224345813929,-0.1322199336098583,0.013043295220445918,-0.21509340392756907,-0.975884369025986,-0.36261037791244466,0.39714061474369305,-1.6031180300444028,-0.5582860311131252,-0.9967764610122684,5
-0.12884387075980322,1.7745183643766966,-0.1322199336098583,-0.33377356371104905,0.113683483968908,-1.0832441675651763,-1.0427891190225334,0.2807185387021713,0.3806257321493093,0.9836367447211927,0.27740334286745055,6
2.7855095394709655,-1.0272409517913514,1.1752723561566434,3.9436343631107245,-0.731742799193461,-1.0832441675651763,-0.2945925038014358,2.725582135574452,-0.8237901234683,0.1355792180123182,1.5515831467471712,7
1.753342706680901,-0.14247485194880982,2.482764645923145,3.192197835425819,0.8651735134465692,-1.0832441675651763,-0.9067533708005157,1.6777834512006264,-0.6820941404544635,-0.17280533715454555,0.7674724982058044,5
0.5390287857514142,0.38838480795671493,-0.1322199336098583,1.0534938720149314,0.9121416402889231,0.5271528105226766,0.11351474086461742,1.2120951470344747,-0.39870217442679345,0.21267535680403415,-0.8007487988769275,5
0.7211758738908377,-0.3784124785734874,1.1752723561566434,4.521662461329883,-0.8256790528781687,-1.0832441675651763,-0.9067533708005157,1.2120951470344747,-0.7529421319613833,0.675252189554329,0.5714448360704636,6
0.5997444817978894,1.125689891158833,-0.1322199336098583,-0.33377356371104905,-0.5438702918240454,-1.0832441675651763,-0.8047265596340023,-0.06854768942239406,-1.3905740555236463,-0.40409375352969334,-0.5067073056739145,5
1.753342706680901,0.8012756545499014,-0.1322199336098583,0.12864891486427774,0.16065161081126186,0.0977136163659159,0.31756836319764403,1.5031503371382793,-1.815662004565156,0.598156050762613,0.5714448360704636,6
0.47831308970494013,-0.31942807191731826,1.1752723561566434,0.24425453450810958,0.583364752392446,2.4596291842281,2.120042027139379,0.8628289189098448,-1.6739660215513195,-0.40409375352969334,-1.2908179542152813,5
-0.49313804703864905,0.15244718133203763,-0.1322199336098583,-0.44937918335488086,-0.1681252770852152,-0.5464451748692253,-0.5326550631899668,0.9210399569306057,0.9474096642046556,1.0607328835129086,-0.898762629944598,6
1.3890485304020552,-1.2631785784160292,1.1752723561566434,0.12864891486427774,-0.6847746723511071,-0.975884369025986,-0.7707176225784979,1.153884109013714,-0.39870217442679345,1.6775019938466353,0.27740334286745055,6
2.4819310592385935,-1.0272409517913514,1.1752723561566434,0.24425453450810958,-0.12115715024286135,1.2786714002970079,0.8617113560857149,1.56136137515904,-1.3905740555236463,0.8294444671377608,-0.01663815033556071,6
0.41759739365846604,0.03447836801969866,1.1752723561566434,-0.5649848029987127,4.199910519253692,-0.975884369025986,-0.6346818743564802,0.45535165276451856,-0.32785418291987356,-0.2499014759462615,-0.9967764610122684,6
-0.9181479193639694,-0.08349044529264033,-1.3351128401950398,-0.33377356371104905,-0.3559977844546307,-0.6538049734084155,-0.6346818743564802,-0.5342359935885458,0.09723376612163613,-0.6353821699048403,-0.898762629944598,6
0.6604601778443636,-0.5553656985419959,-0.1322199336098583,0.4754657737957727,0.4894284987077383,-0.11700598071246449,0.04549686675360855,0.746406842868323,-0.8946381149752198,0.675252189554329,-0.4086934746062441,6
0.7211758738908377,-0.3784124785734874,-0.1322199336098583,0.3598601541519414,0.4894284987077383,-0.11700598071246449,0.011487929698104114,0.746406842868323,-1.3905740555236463,0.7523483283460448,-0.4086934746062441,6
-2.0110304482005072,3.04268310748434,-0.1322199336098583,-0.9118016619302076,-1.4832328286711223,1.815470392992959,1.7799526565843347,-1.931300906087001,3.002001417905284,-0.17280533715454555,1.0615139914088174,5
1.5711956185414786,0.03447836801969866,1.1752723561566434,2.5563669273847434,1.7105997966089375,-0.5464451748692253,-0.9067533708005157,2.027049679325192,-1.7448140130582392,-0.6353821699048403,1.2575416535441581,6
1.5711956185414786,0.03447836801969866,1.1752723561566434,2.5563669273847434,1.7105997966089375,-0.5464451748692253,-0.9067533708005157,2.027049679325192,-1.7448140130582392,-0.6353821699048403,1.2575416535441581,6
2.8462252355174393,-0.31942807191731826,1.1752723561566434,2.2095500684532485,0.16065161081126186,-0.975884369025986,0.11351474086461742,3.133059401719778,-0.1153102083991203,0.2897714955957501,2.237679964220866,6
2.664078147378016,0.4473692146128844,1.1752723561566434,0.4754657737957727,-0.3090296576122768,-1.0832441675651763,-0.8387354966895068,1.56136137515904,-1.2488780725098096,-0.5582860311131252,0.9635001603411469,5
0.41759739365846604,-0.4963812918858264,1.1752723561566434,0.013043295220445918,-0.1681252770852152,1.1713116017578178,2.6301760829719454,0.6299847668268013,-0.6112461489475467,-0.4811898923214093,-1.192804123147611,5
0.41759739365846604,0.09346277467586815,1.1752723561566434,0.5910713934396046,0.583364752392446,2.7817085798456707,2.2560777753613968,0.8628289189098448,-1.6739660215513195,-0.2499014759462615,-1.192804123147611,5
-0.4324223509921749,-1.381147391728368,1.1752723561566434,0.3598601541519414,0.4894284987077383,1.0639518032186277,0.5556309225861751,0.2225075006814104,-0.044462216892200444,-0.2499014759462615,-0.3106796435385737,6
2.8462252355174393,-0.31942807191731826,1.1752723561566434,2.2095500684532485,0.16065161081126186,-0.975884369025986,0.11351474086461742,3.133059401719778,-0.1153102083991203,0.2897714955957501,2.237679964220866,6
2.664078147378016,0.4473692146128844,1.1752723561566434,0.4754657737957727,-0.3090296576122768,-1.0832441675651763,-0.8387354966895068,1.56136137515904,-1.2488780725098096,-0.5582860311131252,0.9635001603411469,5
0.23545030551904259,1.0372132811745787,-0.1322199336098583,0.12864891486427774,6.783157495583152,-1.0832441675651763,-0.9747712449115244,1.3867282610967575,0.02638577461471627,-0.32699761473797745,-1.3888317852829517,6
0.23545030551904259,1.0372132811745787,-0.1322199336098583,0.12864891486427774,6.783157495583152,-1.0832441675651763,-0.9747712449115244,1.3867282610967575,0.02638577461471627,-0.32699761473797745,-1.3888317852829517,6
-1.2824420956428153,-0.968256545135182,-0.1322199336098583,-0.2181679440672172,0.6303328792347999,0.41979301198348645,-0.05652994441290476,-1.2327684498377411,1.7975855622876717,-0.5582860311131252,1.2575416535441581,6
1.9354897948203245,-1.0272409517913514,1.1752723561566434,1.0534938720149314,-0.5438702918240454,-0.5464451748692253,-0.22657462969042694,2.0852607173459528,0.02638577461471627,2.062982687805215,0.5714448360704636,6
-1.2824420956428153,-0.968256545135182,-0.1322199336098583,-0.2181679440672172,0.6303328792347999,0.41979301198348645,-0.05652994441290476,-1.2327684498377411,1.7975855622876717,-0.5582860311131252,1.2575416535441581,6
1.1461857462161575,-1.6760694250092152,1.1752723561566434,0.013043295220445918,-0.3090296576122768,-0.5464451748692253,-0.5326550631899668,0.6299847668268013,-1.2488780725098096,-0.2499014759462615,-0.01663815033556071,5
1.3283328343555811,0.38838480795671493,1.1752723561566434,-0.33377356371104905,-0.5438702918240454,-0.11700598071246449,0.11351474086461742,1.3867282610967575,-0.1153102083991203,-0.6353821699048403,-0.8007487988769275,4
1.3890485304020552,-1.0862253584475208,1.1752723561566434,0.9378882523711,-0.1681252770852152,0.5271528105226766,1.167791789585255,1.4449392991175183,-0.8946381149752198,0.4439637731791811,-0.4086934746062441,6
2.4212153631921196,-1.4991162050407068,1.1752723561566434,0.8222826327272682,-0.12115715024286135,1.3860311988361982,0.07950580380911298,1.5031503371382793,-0.8237901234683,1.2149251610963405,-0.2126658124709033,6
0.9640386580767353,-0.14247485194880982,-0.1322199336098583,-0.1025623244233859,1.0060778939736301,-0.975884369025986,-1.008780181967029,0.6299847668268013,0.16808175762855285,-0.9437667250717041,-0.4086934746062441,4
0.29616600156551776,-0.4963812918858264,1.1752723561566434,0.4754657737957727,0.06671535712655413,0.31243321344429625,2.290086712416901,0.8628289189098448,-0.1153102083991203,-0.32699761473797745,-0.898762629944598,5
0.29616600156551776,-0.31942807191731826,1.1752723561566434,0.5910713934396046,0.16065161081126186,0.20507341490510608,2.2560777753613968,0.8628289189098448,-0.18615819990603702,-0.32699761473797745,-0.604721136741585,5
1.3890485304020552,-1.2631785784160292,1.1752723561566434,-0.2181679440672172,-0.8726471797205225,0.31243321344429625,-0.12454781852391363,0.5135626907852795,-1.2488780725098096,-1.02086286386342,-0.604721136741585,6
2.4212153631921196,-0.14247485194880982,1.1752723561566434,-0.2181679440672172,0.3485241181806767,-1.0832441675651763,-1.008780181967029,2.027049679325192,-0.8946381149752198,-1.560535835405431,-0.8007487988769275,5
2.4212153631921196,-0.14247485194880982,1.1752723561566434,-0.2181679440672172,0.3485241181806767,-1.0832441675651763,-1.008780181967029,2.027049679325192,-0.8946381149752198,-1.560535835405431,-0.8007487988769275,5
2.056921186913273,-0.2014592586049793,1.1752723561566434,-0.2181679440672172,0.06671535712655413,-1.0832441675651763,-0.9747712449115244,1.91062760328367,-0.8946381149752198,-1.637631974197147,-1.192804123147611,5
2.2390682750526962,-1.4401317983845372,1.1752723561566434,-0.5649848029987127,-0.3559977844546307,-0.5464451748692253,-0.7707176225784979,0.5135626907852795,-2.382445936620502,0.1355792180123182,-0.5067073056739145,7
-0.4324223509921749,-0.08349044529264033,-0.1322199336098583,0.013043295220445918,0.4424603718653844,-0.7611647719476056,-0.1925656926349225,0.746406842868323,1.0891056472184921,0.1355792180123182,-0.8007487988769275,6
1.6926270106344268,-1.2631785784160292,1.1752723561566434,0.3598601541519414,0.583364752392446,0.0977136163659159,0.11351474086461742,1.095673070992953,-1.3905740555236463,2.9110402145140895,0.17938951179978013,7
-0.6145694391315978,1.214166501143087,-0.1322199336098583,-0.5649848029987127,1.2409185281853996,0.31243321344429625,1.9840062789173614,-0.010336651401633168,-0.39870217442679345,-0.40409375352969334,-1.0947902920799388,5
1.1461857462161575,-1.381147391728368,1.1752723561566434,0.24425453450810958,-1.060519687089938,-1.0832441675651763,-1.0427891190225334,0.5135626907852795,-1.886509996072076,0.7523483283460448,0.08137568073210971,7
0.41759739365846604,-0.4373968852296569,1.1752723561566434,0.24425453450810958,0.113683483968908,0.6345126090618668,1.0657649784187415,1.153884109013714,0.23892974913547269,-0.5582860311131252,-0.7027349678092571,5
0.41759739365846604,-0.4373968852296569,1.1752723561566434,0.24425453450810958,0.113683483968908,0.6345126090618668,1.0657649784187415,1.153884109013714,0.23892974913547269,-0.5582860311131252,-0.7027349678092571,5
0.9640386580767353,-0.2014592586049793,1.6459695804725838,1.284705111302595,0.583364752392446,-0.6538049734084155,-0.02252100735740032,2.1434717553667135,-0.18615819990603702,-0.4811898923214093,-1.3888317852829517,5
-0.2502752628527515,1.1551820944869178,-0.49831777474447864,0.24425453450810958,0.6773010060771537,0.5271528105226766,-0.1925656926349225,0.6299847668268013,0.5931697066700625,-0.8666705862799882,-0.898762629944598,5
2.4819310592385935,-0.732318918510504,1.2798717393379635,-0.44937918335488086,-1.060519687089938,-0.975884369025986,-0.6686908114119846,1.56136137515904,-1.9573579875789926,-0.32699761473797745,-1.0947902920799388,6
2.178352579006222,0.32940040130054543,1.6459695804725838,-0.5649848029987127,-0.49690216498169226,-1.0832441675651763,-0.8727444337450112,0.746406842868323,-1.6031180300444028,-0.09570919836282961,-0.4086934746062441,6
0.11401891342609434,0.3588926046286302,-0.4460180831538187,-0.33377356371104905,-0.1681252770852152,-1.0832441675651763,-0.46463718907895796,-0.010336651401633168,-0.8237901234683,-1.252151280238568,-0.604721136741585,6
2.664078147378016,0.38838480795671493,0.9660735897940033,-0.1025623244233859,0.01974723028420026,-0.439085376330035,-0.7367086855229934,1.91062760328367,-2.2407499536066657,0.4439637731791811,-1.0947902920799388,6
-0.0681281747133291,2.305378024282222,0.024679141162122043,-0.33377356371104905,0.30155599133832284,-0.8685245704867958,-0.7026997484674891,-0.30139184150550224,-0.39870217442679345,-1.3292474190302839,-0.4086934746062441,4
2.9676566276103875,-0.3784124785734874,1.3321714309286237,-0.2181679440672172,-0.49690216498169226,-0.3317255777908449,-0.2945925038014358,2.2598938314082355,-1.5322700385374828,-0.6353821699048403,-1.3888317852829517,6
-0.37170665494570027,1.8335027710328662,-1.3874125317856998,0.24425453450810958,-0.027220896558153608,-0.975884369025986,-1.008780181967029,0.45535165276451856,-0.1153102083991203,-0.9437667250717041,-1.0947902920799388,5
2.9676566276103875,-0.3784124785734874,1.3321714309286237,-0.2181679440672172,-0.49690216498169226,-0.3317255777908449,-0.2945925038014358,2.2598938314082355,-1.5322700385374828,-0.6353821699048403,-1.3888317852829517,6
-0.007412478666853906,0.32940040130054543,-0.7075165411071189,0.5910713934396046,0.6773010060771537,-0.11700598071246449,0.6576577337526883,0.9792509949513666,-1.0363340979890565,-0.17280533715454555,-1.2908179542152813,6
-0.007412478666853906,0.4473692146128844,-0.7075165411071189,0.24425453450810958,0.16065161081126186,-0.975884369025986,-0.6686908114119846,0.9792509949513666,-0.044462216892200444,-0.40409375352969334,-1.192804123147611,6
0.6604601778443636,-0.6733345118543349,1.1229726645659832,2.5563669273847434,-0.4499340381393384,-0.5464451748692253,-0.8047265596340023,0.33892957672293217,0.16808175762855285,1.1378290223046246,1.747610808882512,7
0.29616600156551776,-0.2604436652611488,0.7568748234313628,1.0534938720149314,0.4894284987077383,1.1713116017578178,0.2835594261421396,0.8628289189098448,-0.044462216892200444,-0.8666705862799882,0.08137568073210971,6
-1.2217263995963412,-0.968256545135182,-0.3937183915631586,0.9378882523711,-0.3090296576122768,-0.009646182173274296,-0.15855675557941806,-0.6506580696300676,1.726737570780755,-0.9437667250717041,2.237679964220866,6
0.29616600156551776,-1.6760694250092152,1.436770814109944,0.12864891486427774,0.06671535712655413,1.0639518032186277,0.4536041114196618,0.9210399569306057,0.5223217151631458,-0.7895744474882722,-1.192804123147611,5
2.9676566276103875,-0.850287731822843,1.489070505700604,0.3598601541519414,-0.027220896558153608,-1.0832441675651763,-0.94076230785602,2.2598938314082355,-2.382445936620502,-0.7895744474882722,-0.9967764610122684,5
-0.49313804703864905,0.6833068412375624,-1.3874125317856998,0.013043295220445918,-0.21509340392756907,0.31243321344429625,-0.4986461261344624,-0.12675872744315494,0.02638577461471627,-0.32699761473797745,-0.4086934746062441,6
-0.0681281747133291,-0.7913033251666736,0.5999757486593827,-1.0274072815740394,-1.1074878139322917,-0.5464451748692253,-0.4986461261344624,-0.30139184150550224,-0.39870217442679345,0.7523483283460448,-0.604721136741585,5
0.7818915699373118,0.4473692146128844,1.2275720477473036,-0.1025623244233859,-0.12115715024286135,1.3860311988361982,0.9297292301967238,1.7359944892213874,1.3016496217392455,-0.5582860311131252,-0.7027349678092571,5
0.7818915699373118,0.4473692146128844,1.2275720477473036,-0.1025623244233859,-0.12115715024286135,1.3860311988361982,0.9297292301967238,1.7359944892213874,1.3016496217392455,-0.5582860311131252,-0.7027349678092571,5
1.9354897948203245,-1.2631785784160292,1.2798717393379635,-0.2181679440672172,-0.12115715024286135,-0.11700598071246449,-0.5326550631899668,0.8628289189098448,-2.0282059790859126,2.217174965388647,-0.604721136741585,6
1.8747740987738504,-0.3784124785734874,1.2275720477473036,0.3598601541519414,1.898472303978353,-1.1906039661043664,-0.9067533708005157,2.2598938314082355,-1.3197260640167296,0.4439637731791811,-0.2126658124709033,5
1.8140584027273763,-0.9092721384790126,0.7568748234313628,-0.1025623244233859,0.30155599133832284,-0.975884369025986,-0.94076230785602,1.2120951470344747,-1.6031180300444028,1.2149251610963405,-1.0947902920799388,5
-0.007412478666853906,0.09346277467586815,-0.1322199336098583,1.1690994916587631,-0.26206153076992295,0.0977136163659159,2.3240956494724054,0.5135626907852795,-0.32785418291987356,-0.2499014759462615,-0.9967764610122684,5
-0.0681281747133291,0.21143158798820713,-0.18451962520051826,1.1690994916587631,-0.1681252770852152,-0.11700598071246449,2.0520241530283703,0.5135626907852795,-0.2570061914129569,-0.17280533715454555,-0.9967764610122684,5
1.0247543541232094,0.32940040130054543,-0.23681931679117837,-0.5649848029987127,-0.07418902340050748,-0.6538049734084155,-0.3966193149679491,0.39714061474369305,-1.3197260640167296,-0.7124783086965563,-0.898762629944598,5
-0.2502752628527515,-0.08349044529264033,-0.07992024201919819,0.5910713934396046,-0.21509340392756907,0.6345126090618668,0.04549686675360855,0.39714061474369305,1.2308016302323286,2.4484633817637937,1.6495969778148416,6
-0.9181479193639694,0.9782288745184092,-1.3874125317856998,3.712423123823061,1.9924085576630608,0.6345126090618668,0.4876130484751662,1.7359944892213874,1.0182576557115723,0.598156050762613,-0.2126658124709033,5
-0.9181479193639694,0.9782288745184092,-1.3874125317856998,3.712423123823061,1.9924085576630608,0.6345126090618668,0.4876130484751662,1.7359944892213874,1.0182576557115723,0.598156050762613,-0.2126658124709033,5
0.29616600156551776,0.4473692146128844,0.12927852434344198,-0.2181679440672172,0.7712372597618615,-1.0832441675651763,-0.9747712449115244,1.2120951470344747,0.3097777406423894,-1.175055141446852,-1.2908179542152813,5
0.29616600156551776,0.4473692146128844,0.12927852434344198,-0.2181679440672172,0.7712372597618615,-1.0832441675651763,-0.9747712449115244,1.2120951470344747,0.3097777406423894,-1.175055141446852,-1.2908179542152813,5
0.23545030551904259,0.09346277467586815,-0.02762055042853807,0.12864891486427774,0.7242691329195077,-0.8685245704867958,-0.43062825202345356,0.5135626907852795,-0.32785418291987356,-0.32699761473797745,-1.0947902920799388,6
-0.4324223509921749,0.9487366711903251,-0.18451962520051826,-0.1025623244233859,1.3818229087124612,0.5271528105226766,1.3718454119182815,-0.18496976546398047,-0.7529421319613833,-0.2499014759462615,-1.0947902920799388,5
0.23545030551904259,0.09346277467586815,-0.02762055042853807,0.12864891486427774,0.7242691329195077,-0.8685245704867958,-0.43062825202345356,0.5135626907852795,-0.32785418291987356,-0.32699761473797745,-1.0947902920799388,6
1.267617138309107,-1.4401317983845372,1.436770814109944,0.3598601541519414,1.1000141476583378,-1.0832441675651763,-0.8387354966895068,1.2120951470344747,-0.46955016593371013,-0.09570919836282961,-0.898762629944598,5
-0.4324223509921749,-0.6733345118543349,-0.6552168495164589,0.7066770130834363,0.25458786449596893,0.6345126090618668,-0.02252100735740032,-0.18496976546398047,0.02638577461471627,-0.5582860311131252,0.08137568073210971,6
1.0854700501696835,2.4233468375945613,-0.23681931679117837,1.1690994916587631,1.1000141476583378,-0.439085376330035,1.4398632860292904,2.492737983491279,0.805713681190819,-0.018613059571113668,0.8654863292734766,4
-0.2502752628527515,-1.0272409517913514,-0.2891190083818385,-0.5649848029987127,-0.40296591129698456,3.3185075725416215,1.9840062789173614,-0.18496976546398047,-0.32785418291987356,-0.4811898923214093,-0.898762629944598,5
0.23545030551904259,1.8629949743609509,-1.3874125317856998,-1.1430129012178714,-0.7787109260358148,0.9565920046794374,-0.36261037791244466,-0.767080145671654,-0.32785418291987356,-0.7124783086965563,-0.7027349678092571,5
0.7211758738908377,2.1284248043137137,0.024679141162122043,-0.1025623244233859,0.113683483968908,1.7081105944537687,3.446390572304052,0.6299847668268013,-0.5403981574406269,-0.8666705862799882,-0.9967764610122684,5
-0.37170665494570027,2.305378024282222,-0.7598162326977791,-0.2181679440672172,2.884802967667783,-0.8685245704867958,-0.7026997484674891,-0.18496976546398047,0.23892974913547269,0.058483079220602266,-0.2126658124709033,7
0.9640386580767353,0.09346277467586815,0.9660735897940033,-0.1025623244233859,-0.49690216498169226,0.0977136163659159,-0.12454781852391363,1.3867282610967575,0.5223217151631458,-0.17280533715454555,-0.9967764610122684,5
0.7211758738908377,0.38838480795671493,0.9137738982033431,-0.1025623244233859,-0.49690216498169226,0.6345126090618668,0.8277024190302106,1.4449392991175183,1.0182576557115723,-0.09570919836282961,-0.898762629944598,5
0.9640386580767353,0.09346277467586815,0.9660735897940033,-0.1025623244233859,-0.49690216498169226,0.0977136163659159,-0.12454781852391363,1.3867282610967575,0.5223217151631458,-0.17280533715454555,-0.9967764610122684,5
0.7211758738908377,0.38838480795671493,0.9137738982033431,-0.1025623244233859,-0.49690216498169226,0.6345126090618668,0.8277024190302106,1.4449392991175183,1.0182576557115723,-0.09570919836282961,-0.898762629944598,5
0.9640386580767353,0.09346277467586815,0.9660735897940033,-0.1025623244233859,-0.49690216498169226,0.0977136163659159,-0.12454781852391363,1.3867282610967575,0.5223217151631458,-0.17280533715454555,-0.9967764610122684,5
-0.3109909588992261,0.6833068412375624,-0.8644156158790992,4.174845602398388,1.5696954160818766,-1.0832441675651763,-1.1108069931335423,0.9792509949513666,0.3806257321493093,0.36686763438746517,-0.3106796435385737,7
-0.6145694391315978,0.8602600612060709,-1.1259140738323996,1.4003107309464269,1.1939504013430458,-0.975884369025986,-0.8047265596340023,0.2807185387021713,0.5931697066700625,-0.09570919836282961,-0.3106796435385737,5
-0.007412478666853906,1.8924871776890357,-1.3351128401950398,-0.2181679440672172,-0.5438702918240454,-1.0832441675651763,-1.008780181967029,-0.010336651401633168,0.02638577461471627,-0.4811898923214093,0.5714448360704636,4
0.23545030551904259,-0.2604436652611488,0.1815782159341021,0.4754657737957727,-0.731742799193461,-0.5464451748692253,-0.5326550631899668,-0.18496976546398047,0.09723376612163613,0.21267535680403415,0.7674724982058044,7
1.4497642264485293,-0.5553656985419959,0.6522754402500428,-0.2181679440672172,1.1469822745006917,-0.7611647719476056,-0.3966193149679491,1.095673070992953,-3.020077860182765,-1.097959002655136,-0.8007487988769275,5
0.6604601778443636,-1.14520976510369,1.698269272063244,0.4754657737957727,-0.12115715024286135,-0.6538049734084155,-0.46463718907895796,0.5135626907852795,-1.3905740555236463,-0.7895744474882722,1.5515831467471712,6
0.17473460947256847,-0.31942807191731826,1.070672972975323,0.013043295220445918,-0.3559977844546307,-0.8685245704867958,-0.4986461261344624,0.6881958048475622,-1.6739660215513195,-1.4063435578219994,-0.898762629944598,5
0.842607265983786,0.15244718133203763,-0.49831777474447864,0.5910713934396046,0.25458786449596893,0.5271528105226766,0.31756836319764403,2.1434717553667135,-1.2488780725098096,-0.2499014759462615,-0.9967764610122684,5
1.4497642264485293,-0.5553656985419959,0.6522754402500428,-0.2181679440672172,1.1469822745006917,-0.7611647719476056,-0.3966193149679491,1.095673070992953,-3.020077860182765,-1.097959002655136,-0.8007487988769275,5
2.2390682750526962,-0.14247485194880982,1.698269272063244,-1.1430129012178714,-0.40296591129698456,0.8492322061402472,-0.05652994441290476,0.746406842868323,-2.807533885662012,0.2897714955957501,0.08137568073210971,7
-0.675285135178072,-0.024506038636470828,-1.0213146906510793,-1.1430129012178714,-0.3559977844546307,-1.0832441675651763,-0.8047265596340023,0.33892957672293217,0.02638577461471627,1.2920212998880565,-0.8007487988769275,6
-0.7360008312245466,1.8629949743609509,-1.2828131486043797,2.3251556880970807,0.6773010060771537,-1.0832441675651763,-1.0427891190225334,0.16429646266064948,0.6640176981769824,-0.5582860311131252,0.5714448360704636,4
-0.675285135178072,-0.024506038636470828,-1.0213146906510793,-1.1430129012178714,-0.3559977844546307,-1.0832441675651763,-0.8047265596340023,0.33892957672293217,0.02638577461471627,1.2920212998880565,-0.8007487988769275,6
-0.49313804703864905,-0.6143501051981654,0.2338779075247622,-0.9118016619302076,-0.07418902340050748,-0.009646182173274296,-0.05652994441290476,0.6299847668268013,-0.044462216892200444,-0.018613059571113668,-1.3888317852829517,5
-0.675285135178072,0.270415994644376,-1.0736143822417394,-0.9118016619302076,-0.26206153076992295,-0.6538049734084155,-0.5666640002454713,0.2807185387021713,0.3097777406423894,0.4439637731791811,-0.8007487988769275,6
1.0854700501696835,-1.4401317983845372,1.0183732813846633,-0.6805904226425442,-1.4832328286711223,-1.0832441675651763,-1.0427891190225334,0.39714061474369305,-1.9573579875789926,1.1378290223046246,-0.2126658124709033,6
2.29978397109917,-0.732318918510504,1.3321714309286237,-0.44937918335488086,0.4894284987077383,-0.009646182173274296,0.3515773002531485,1.91062760328367,-2.0282059790859126,0.1355792180123182,-0.2126658124709033,5
0.6604601778443636,0.38838480795671493,-0.6552168495164589,-0.44937918335488086,0.113683483968908,1.0639518032186277,0.14752367792012186,0.8046178808890839,-1.2488780725098096,-0.6353821699048403,-0.7027349678092571,5
-0.007412478666853906,-0.2014592586049793,0.49537636547806246,-0.6805904226425442,6.595284988213736,-0.975884369025986,-0.94076230785602,0.746406842868323,-0.9654861064821366,-0.32699761473797745,-0.898762629944598,6
1.8140584027273763,-1.0862253584475208,0.9660735897940033,-0.44937918335488086,0.01974723028420026,-0.975884369025986,-0.9747712449115244,1.2120951470344747,-2.6658379026481756,0.1355792180123182,-1.192804123147611,6
1.0247543541232094,1.214166501143087,0.861474206612683,-0.1025623244233859,-1.060519687089938,-0.009646182173274296,-0.43062825202345356,-0.06854768942239406,-1.178030081002893,-0.5582860311131252,0.5714448360704636,5
1.8140584027273763,-1.0862253584475208,0.9660735897940033,-0.44937918335488086,0.01974723028420026,-0.975884369025986,-0.9747712449115244,1.2120951470344747,-2.6658379026481756,0.1355792180123182,-1.192804123147611,6
-0.8574322233174948,-0.732318918510504,-0.1322199336098583,0.12864891486427774,0.06671535712655413,1.6007507959145786,0.04549686675360855,-0.4760249555677849,-0.39870217442679345,-0.4811898923214093,-0.4086934746062441,5
-0.0681281747133291,1.214166501143087,-0.2891190083818385,-0.7961960422863761,-0.3559977844546307,-1.0832441675651763,-1.0427891190225334,0.04787438661912772,-0.8237901234683,-0.9437667250717041,-0.898762629944598,5
-0.0681281747133291,1.214166501143087,-0.2891190083818385,-0.7961960422863761,-0.3559977844546307,-1.0832441675651763,-1.0427891190225334,0.04787438661912772,-0.8237901234683,-0.9437667250717041,-0.898762629944598,5
1.5104799224950045,-0.732318918510504,0.7568748234313628,-0.2181679440672172,0.113683483968908,-0.8685245704867958,-0.9067533708005157,0.9792509949513666,-1.6739660215513195,0.21267535680403415,-1.0947902920799388,6
0.5997444817978894,-0.6733345118543349,0.6522754402500428,-0.2181679440672172,-0.8256790528781687,-0.3317255777908449,-0.43062825202345356,0.9792509949513666,-0.39870217442679345,0.058483079220602266,-0.2126658124709033,5
1.5104799224950045,-0.732318918510504,0.7568748234313628,-0.2181679440672172,0.113683483968908,-0.8685245704867958,-0.9067533708005157,0.9792509949513666,-1.6739660215513195,0.21267535680403415,-1.0947902920799388,6
0.17473460947256847,1.6270573477362735,-0.8121159242884392,-0.1025623244233859,0.113683483968908,-0.3317255777908449,-0.43062825202345356,0.6881958048475622,0.5931697066700625,-1.252151280238568,-0.5067073056739145,5
-0.007412478666853906,1.5090885344239346,-0.8644156158790992,0.24425453450810958,-0.027220896558153608,3.2111477740024315,1.4738722230847947,0.9210399569306057,1.1599536387254088,-0.8666705862799882,-0.4086934746062441,5
1.5104799224950045,-1.5581006116968763,0.9660735897940033,1.0534938720149314,-1.0135515602475842,0.5271528105226766,0.18153261497562628,0.2807185387021713,-1.3197260640167296,-0.7895744474882722,-0.8007487988769275,5
3.0283723236568627,-0.5553656985419959,1.6459695804725838,-0.5649848029987127,-0.5438702918240454,-0.009646182173274296,-0.12454781852391363,2.1434717553667135,-1.815662004565156,-1.175055141446852,-1.3888317852829517,5
-0.18955956680627734,-0.4373968852296569,-0.18451962520051826,-0.2181679440672172,0.583364752392446,0.0977136163659159,-0.4986461261344624,-0.30139184150550224,-0.7529421319613833,-1.175055141446852,-0.2126658124709033,6
0.11401891342609434,-0.3784124785734874,0.2338779075247622,-0.16036513424530158,-0.1681252770852152,1.815470392992959,0.4876130484751662,0.746406842868323,0.09723376612163613,-0.7895744474882722,-0.604721136741585,5
-0.12884387075980322,1.5090885344239346,-0.18451962520051826,0.24425453450810958,-1.060519687089938,-1.0832441675651763,-0.9747712449115244,0.16429646266064948,0.3806257321493093,-0.6353821699048403,0.8654863292734766,5
-0.12884387075980322,1.5090885344239346,-0.18451962520051826,0.24425453450810958,-1.060519687089938,-1.0832441675651763,-0.9747712449115244,0.16429646266064948,0.3806257321493093,-0.6353821699048403,0.8654863292734766,5
-0.7360008312245466,0.7422912478937319,-0.4460180831538187,-0.6805904226425442,-0.5438702918240454,-0.22436577925165468,-0.12454781852391363,0.16429646266064948,0.8765616726977357,-0.32699761473797745,-1.2908179542152813,5
0.47831308970494013,0.6833068412375624,-0.18451962520051826,0.8222826327272682,0.6303328792347999,-0.22436577925165468,-0.1925656926349225,1.7942055272421482,-0.2570061914129569,-0.40409375352969334,-0.7027349678092571,5
-0.37170665494570027,0.8012756545499014,-1.1782137654230596,-0.9118016619302076,-1.9998822239370144,-1.1906039661043664,-1.1788248672445512,-0.30139184150550224,0.5931697066700625,-1.3292474190302839,-0.9967764610122684,5
-0.12884387075980322,-0.850287731822843,1.1229726645659832,-0.6805904226425442,3.5423567434607373,-1.0832441675651763,-0.9067533708005157,0.5135626907852795,-0.1153102083991203,3.1423286308892373,-0.9967764610122684,5
0.5390287857514142,2.3348702276103066,-0.1322199336098583,0.24425453450810958,0.25458786449596893,-0.3317255777908449,1.6779258454178214,1.7942055272421482,1.1599536387254088,-0.7895744474882722,-0.604721136741585,5
0.41759739365846604,-0.2604436652611488,0.28617759911542234,0.4754657737957727,0.113683483968908,0.6345126090618668,2.66418502002745,0.9792509949513666,0.02638577461471627,-0.17280533715454555,-0.9967764610122684,5
0.41759739365846604,-0.31942807191731826,0.2338779075247622,0.3598601541519414,0.113683483968908,0.9565920046794374,2.766211831193963,0.9792509949513666,-0.044462216892200444,-0.2499014759462615,-0.9967764610122684,5
-0.7967165272710207,0.7422912478937319,-1.2828131486043797,-0.33377356371104905,-0.731742799193461,-0.7611647719476056,-0.6346818743564802,0.2807185387021713,1.0891056472184921,0.21267535680403415,-0.898762629944598,6
-0.7967165272710207,0.7422912478937319,-1.2828131486043797,-0.33377356371104905,-0.731742799193461,-0.7611647719476056,-0.6346818743564802,0.2807185387021713,1.0891056472184921,0.21267535680403415,-0.898762629944598,6
0.6604601778443636,0.5358458245971387,0.07697883275278215,0.9378882523711,0.25458786449596893,0.31243321344429625,0.9637381672522283,1.968838641304431,-0.044462216892200444,-0.8666705862799882,-0.7027349678092571,5
2.117636882959748,-0.850287731822843,1.489070505700604,-0.33377356371104905,-0.49690216498169226,-1.0832441675651763,-0.8387354966895068,1.095673070992953,-1.461422047030566,-0.17280533715454555,0.3754171739351227,6
1.3890485304020552,2.9247142941720012,0.861474206612683,0.5910713934396046,-0.26206153076992295,1.1713116017578178,1.5078811601402993,0.9792509949513666,-1.6739660215513195,-0.5582860311131252,-0.3106796435385737,6
-0.7967165272710207,0.7422912478937319,-1.2828131486043797,-0.33377356371104905,-0.731742799193461,-0.7611647719476056,-0.6346818743564802,0.2807185387021713,1.0891056472184921,0.21267535680403415,-0.898762629944598,6
-0.7967165272710207,0.6833068412375624,-1.2828131486043797,-0.33377356371104905,-0.6847746723511071,-0.6538049734084155,-0.7026997484674891,0.16429646266064948,1.0891056472184921,0.21267535680403415,-0.9967764610122684,6
-0.49313804703864905,-0.850287731822843,1.1229726645659832,0.24425453450810958,-0.40296591129698456,0.741872407601057,1.3718454119182815,0.2807185387021713,0.02638577461471627,0.4439637731791811,-0.8007487988769275,4
0.47831308970494013,1.4206119244396804,-1.1782137654230596,-0.9118016619302076,-0.1681252770852152,-1.1906039661043664,-1.008780181967029,0.746406842868323,-0.18615819990603702,-0.7895744474882722,-0.7027349678092571,4
0.05330321737962022,3.0131909041562546,-0.6029171579257989,4.174845602398388,-0.40296591129698456,-0.439085376330035,0.3515773002531485,1.3285172230759965,0.3806257321493093,-1.175055141446852,-0.5067073056739145,5
-0.7967165272710207,1.5090885344239346,-0.9690149990604192,-0.44937918335488086,0.5363966255500922,-0.5464451748692253,-0.8387354966895068,-0.6506580696300676,0.5931697066700625,-1.3292474190302839,-0.4086934746062441,5
-0.5538537430851231,-0.2014592586049793,-0.3937183915631586,0.7066770130834363,-0.21509340392756907,0.0977136163659159,-0.22657462969042694,-0.06854768942239406,0.3806257321493093,-1.02086286386342,0.08137568073210971,5
-0.3109909588992261,0.1229549780039529,-0.7598162326977791,0.12864891486427774,-0.6378065455087533,-0.439085376330035,-0.2945925038014358,-0.417813917547024,0.16808175762855285,-0.2499014759462615,1.1595278224764878,6
0.842607265983786,-1.2631785784160292,1.070672972975323,-0.9118016619302076,-0.9196153065628765,-0.22436577925165468,-0.36261037791244466,0.9210399569306057,-0.32785418291987356,0.1355792180123182,-0.4086934746062441,6
1.3890485304020552,2.9542064975000852,0.861474206612683,0.4754657737957727,-0.07418902340050748,0.6345126090618668,1.3718454119182815,1.037462032972192,-1.815662004565156,-0.5582860311131252,-0.3106796435385737,5
0.3568816976119919,0.2409237913162912,0.39077698229674257,0.7066770130834363,0.5363966255500922,0.0977136163659159,2.3240956494724054,1.7942055272421482,0.45147372365622596,-0.2499014759462615,-0.898762629944598,5
0.23545030551904259,0.9782288745184092,-1.3874125317856998,0.9378882523711,0.113683483968908,-0.22436577925165468,-0.36261037791244466,1.4449392991175183,0.3097777406423894,-1.483439696613715,-0.9967764610122684,5
-0.18955956680627734,-0.5553656985419959,0.49537636547806246,-0.1025623244233859,-0.3090296576122768,-0.5464451748692253,0.14752367792012186,0.5135626907852795,0.16808175762855285,-1.4063435578219994,-0.9967764610122684,5
0.9640386580767353,1.2731509077992567,0.07697883275278215,0.24425453450810958,-0.1681252770852152,0.6345126090618668,1.1337828525297504,0.746406842868323,-0.2570061914129569,-1.02086286386342,-0.604721136741585,5
-0.675285135178072,-0.2014592586049793,-0.4460180831538187,0.3598601541519414,-0.5908384186663994,-0.22436577925165468,-0.3286014408569402,-0.010336651401633168,-0.18615819990603702,-1.252151280238568,-1.192804123147611,6
-0.18955956680627734,-0.5553656985419959,0.49537636547806246,-0.1025623244233859,-0.3090296576122768,-0.5464451748692253,0.14752367792012186,0.5135626907852795,0.16808175762855285,-1.4063435578219994,-0.9967764610122684,5
-0.4324223509921749,-0.3784124785734874,-0.8121159242884392,0.24425453450810958,-0.12115715024286135,-0.3317255777908449,0.18153261497562628,0.04787438661912772,-0.7529421319613833,-0.5582860311131252,-0.4086934746062441,5
0.05330321737962022,0.21143158798820713,-1.1782137654230596,-0.44937918335488086,0.01974723028420026,-0.5464451748692253,-0.7367086855229934,0.5135626907852795,-0.6820941404544635,-1.560535835405431,-0.8007487988769275,5
-0.7360008312245466,0.8012756545499014,-1.3874125317856998,1.7471275898779217,0.20761973765361508,0.20507341490510608,0.04549686675360855,0.5135626907852795,1.0182576557115723,-0.7895744474882722,-0.898762629944598,5
0.05330321737962022,0.21143158798820713,-1.1782137654230596,-0.44937918335488086,0.01974723028420026,-0.5464451748692253,-0.7367086855229934,0.5135626907852795,-0.6820941404544635,-1.560535835405431,-0.8007487988769275,5
0.3568816976119919,-0.2604436652611488,-0.1322199336098583,0.5332685836176889,0.583364752392446,2.1375497886105297,2.120042027139379,0.8628289189098448,-1.5322700385374828,-0.8666705862799882,-1.192804123147611,5
-0.4324223509921749,-0.6143501051981654,-0.9690149990604192,0.3598601541519414,0.113683483968908,-0.009646182173274296,0.14752367792012186,0.04787438661912772,-0.7529421319613833,-0.40409375352969334,-0.4086934746062441,5
0.41759739365846604,0.8012756545499014,-0.49831777474447864,0.7066770130834363,-0.21509340392756907,-1.0832441675651763,-1.0427891190225334,0.5135626907852795,-0.18615819990603702,-0.7124783086965563,-0.01663815033556071,5
-0.12884387075980322,1.1551820944869178,-0.9167153074697593,0.4754657737957727,0.113683483968908,0.31243321344429625,0.18153261497562628,1.56136137515904,0.805713681190819,0.598156050762613,0.669458667138134,6
-1.1610107035498665,0.270415994644376,-1.2828131486043797,-0.6805904226425442,-0.6847746723511071,-1.1906039661043664,-1.1108069931335423,0.16429646266064948,1.0182576557115723,0.2897714955957501,-0.898762629944598,5
-1.1610107035498665,0.270415994644376,-1.2828131486043797,-0.6805904226425442,-0.6847746723511071,-1.1906039661043664,-1.1108069931335423,0.16429646266064948,1.0182576557115723,0.2897714955957501,-0.898762629944598,5
-1.1610107035498665,2.0104559910013746,-1.2305134570137197,0.9378882523711,-0.49690216498169226,1.2786714002970079,0.4876130484751662,-0.9999242977546975,2.080977528315345,-1.175055141446852,2.237679964220866,6
0.3568816976119919,2.069440397657544,-0.7075165411071189,1.2269023014806792,0.30155599133832284,-1.1906039661043664,-1.008780181967029,1.56136137515904,0.8765616726977357,-0.9437667250717041,1.0615139914088174,5
-0.6145694391315978,1.8335027710328662,-1.2305134570137197,-0.33377356371104905,0.4894284987077383,-0.5464451748692253,-0.8387354966895068,-0.06854768942239406,0.5223217151631458,-1.3292474190302839,-0.8007487988769275,5
-0.7967165272710207,-0.4373968852296569,0.39077698229674257,0.3598601541519414,0.01974723028420026,0.0977136163659159,0.9637381672522283,0.746406842868323,1.6558895792738353,-0.32699761473797745,-0.898762629944598,5
-0.37170665494570027,0.21143158798820713,-0.34141869997249846,-0.44937918335488086,-0.3090296576122768,-0.6538049734084155,-0.15855675557941806,1.153884109013714,1.1599536387254088,-0.17280533715454555,-1.0947902920799388,5
-0.37170665494570027,2.600300057563069,-0.8644156158790992,-0.33377356371104905,1.428791035554815,-0.439085376330035,-0.7367086855229934,-0.24318080348474136,-0.39870217442679345,-1.097959002655136,-0.898762629944598,5
-0.37170665494570027,2.600300057563069,-0.8644156158790992,-0.33377356371104905,1.428791035554815,-0.439085376330035,-0.7367086855229934,-0.24318080348474136,-0.39870217442679345,-1.097959002655136,-0.898762629944598,5
-0.0681281747133291,0.38838480795671493,-1.3874125317856998,0.12864891486427774,0.5363966255500922,0.41979301198348645,0.4876130484751662,2.027049679325192,1.3016496217392455,0.058483079220602266,-1.0947902920799388,6
0.41759739365846604,-0.3784124785734874,-0.18451962520051826,0.4754657737957727,0.4894284987077383,1.3860311988361982,2.0520241530283703,0.9210399569306057,-1.5322700385374828,-0.6353821699048403,-1.192804123147611,5
0.41759739365846604,0.9782288745184092,-1.3874125317856998,0.013043295220445918,0.30155599133832284,0.41979301198348645,-0.1925656926349225,1.3285172230759965,0.23892974913547269,-0.32699761473797745,-1.0947902920799388,5
-0.007412478666853906,1.3911197211115955,0.12927852434344198,2.093944448809417,-0.3090296576122768,-0.3317255777908449,-0.94076230785602,-0.12675872744315494,0.9474096642046556,0.2897714955957501,1.0615139914088174,6
0.5390287857514142,0.03447836801969866,-0.1322199336098583,0.24425453450810958,-0.1681252770852152,1.3860311988361982,3.2423369499710253,0.676553597243397,-0.7529421319613833,-0.5582860311131252,-0.898762629944598,5
-1.1002950075033924,0.5358458245971387,-1.3874125317856998,-0.5649848029987127,-0.7787109260358148,-0.6538049734084155,-0.8727444337450112,0.2807185387021713,1.0182576557115723,0.058483079220602266,-1.192804123147611,5
1.9962054908667985,-0.6733345118543349,1.6459695804725838,0.4754657737957727,0.6773010060771537,1.0639518032186277,1.9499973418618568,2.0503340945335222,-1.3197260640167296,-0.8666705862799882,-0.4086934746062441,5
1.6926270106344268,-0.7913033251666736,1.436770814109944,0.3598601541519414,0.6303328792347999,0.6345126090618668,1.9499973418618568,1.968838641304431,-1.3197260640167296,-1.02086286386342,-0.898762629944598,5
-0.6145694391315978,-0.08349044529264033,-0.4460180831538187,-0.33377356371104905,-0.5438702918240454,-0.3317255777908449,-0.5326550631899668,0.5601315212018753,1.443345604753082,0.675252189554329,-0.898762629944598,6
-0.0681281747133291,-1.0862253584475208,0.5999757486593827,0.12864891486427774,-0.07418902340050748,-0.3317255777908449,0.4536041114196618,0.6299847668268013,-0.1153102083991203,-1.3292474190302839,-1.3888317852829517,6
0.17473460947256847,-1.14520976510369,0.704575131840703,0.24425453450810958,0.06671535712655413,0.0977136163659159,0.8277024190302106,0.6416269744309664,-0.1153102083991203,-1.252151280238568,-0.9967764610122684,5
-0.675285135178072,-0.14247485194880982,-0.4460180831538187,-0.33377356371104905,-0.49690216498169226,-0.3317255777908449,-0.43062825202345356,0.5193837945873298,1.443345604753082,0.598156050762613,-0.8007487988769275,6
-0.6145694391315978,-0.08349044529264033,-0.4460180831538187,-0.33377356371104905,-0.5438702918240454,-0.3317255777908449,-0.5326550631899668,0.5601315212018753,1.443345604753082,0.675252189554329,-0.898762629944598,6
-0.007412478666853906,0.7422912478937319,-0.8644156158790992,0.5910713934396046,0.3485241181806767,0.20507341490510608,-0.12454781852391363,0.7638701542745383,-0.18615819990603702,-0.7124783086965563,-0.898762629944598,5
-0.007412478666853906,0.7422912478937319,-0.8644156158790992,0.5910713934396046,0.3485241181806767,0.20507341490510608,-0.12454781852391363,0.7638701542745383,-0.18615819990603702,-0.7124783086965563,-0.898762629944598,5
-0.4324223509921749,0.09346277467586815,-0.7075165411071189,0.12864891486427774,0.7242691329195077,0.9565920046794374,0.7596845449192017,0.6590902858371817,0.5223217151631458,-0.2499014759462615,-0.9967764610122684,5
-0.007412478666853906,0.7422912478937319,-0.8644156158790992,0.5910713934396046,0.3485241181806767,0.20507341490510608,-0.12454781852391363,0.7638701542745383,-0.18615819990603702,-0.7124783086965563,-0.898762629944598,5
-0.3109909588992261,2.2758858209541373,-1.0213146906510793,-0.5649848029987127,-1.1074878139322917,0.741872407601057,0.11351474086461742,-0.8543967027027953,1.3724976132461622,-1.637631974197147,0.27740334286745055,6
-1.2217263995963412,2.688776667547323,-1.3351128401950398,-0.44937918335488086,-1.1544559407746455,-0.009646182173274296,-0.36261037791244466,-1.0697775433796235,2.0101295368084284,-1.4063435578219994,0.7674724982058044,6
-0.12884387075980322,2.0399481943294595,-1.3874125317856998,-0.2181679440672172,0.113683483968908,-0.5464451748692253,-0.43062825202345356,-0.09183210463072426,-0.46955016593371013,-1.097959002655136,-0.604721136741585,5
-0.12884387075980322,2.0399481943294595,-1.3874125317856998,-0.2181679440672172,0.113683483968908,-0.5464451748692253,-0.43062825202345356,-0.09183210463072426,-0.46955016593371013,-1.097959002655136,-0.604721136741585,5
0.29616600156551776,-0.6143501051981654,-0.2891190083818385,0.12864891486427774,0.4894284987077383,1.922830191532149,1.5078811601402993,0.8802922303160601,-0.8946381149752198,-0.9437667250717041,-1.192804123147611,5
0.41759739365846604,0.32940040130054543,-0.07992024201919819,0.4754657737957727,-0.3090296576122768,-0.6538049734084155,2.0520241530283703,0.6241636630246864,-0.6112461489475467,-0.5582860311131252,-0.7027349678092571,5
0.5997444817978894,0.7717834512218167,-0.02762055042853807,-0.44937918335488086,0.6773010060771537,-1.0832441675651763,-0.2945925038014358,0.3854984071395926,-0.46955016593371013,-1.714728112988863,-0.8007487988769275,5
0.29616600156551776,1.0372132811745787,-1.3874125317856998,-0.7961960422863761,-0.5908384186663994,-0.7611647719476056,-0.8387354966895068,0.17011756646269974,-0.044462216892200444,-0.8666705862799882,-0.4086934746062441,6
0.5997444817978894,0.7717834512218167,-0.02762055042853807,-0.44937918335488086,0.6773010060771537,-1.0832441675651763,-0.2945925038014358,0.3854984071395926,-0.46955016593371013,-1.714728112988863,-0.8007487988769275,5
0.47831308970494013,0.9192444678622403,-0.8121159242884392,0.4754657737957727,0.5363966255500922,-0.439085376330035,0.011487929698104114,1.2586639774510706,-0.044462216892200444,-0.7124783086965563,-0.898762629944598,6
0.5390287857514142,0.8602600612060709,-0.8644156158790992,0.7066770130834363,0.4424603718653844,-0.3317255777908449,0.14752367792012186,1.2586639774510706,-0.044462216892200444,-0.7895744474882722,-0.898762629944598,6
0.29616600156551776,0.38838480795671493,-0.4460180831538187,0.5910713934396046,0.3485241181806767,-0.3317255777908449,1.0317560413632372,0.3854984071395926,-1.2488780725098096,-0.7895744474882722,-0.9967764610122684,5
-0.49313804703864905,0.4473692146128844,0.28617759911542234,0.3598601541519414,1.0060778939736301,-0.22436577925165468,1.8479705306953436,1.5497191675549395,0.9474096642046556,-0.17280533715454555,-0.898762629944598,5
-0.7360008312245466,0.38838480795671493,-1.2828131486043797,-0.1025623244233859,0.01974723028420026,0.9565920046794374,1.7119347824733258,0.42042502995202324,1.6558895792738353,-0.8666705862799882,-0.7027349678092571,6
-0.2502752628527515,1.1551820944869178,-1.3351128401950398,-0.5649848029987127,-0.26206153076992295,-0.8685245704867958,-0.3966193149679491,-0.02197885900579827,0.5223217151631458,-0.7895744474882722,-0.8007487988769275,5
-0.7360008312245466,0.38838480795671493,-1.2828131486043797,-0.1025623244233859,0.01974723028420026,0.9565920046794374,1.7119347824733258,0.42042502995202324,1.6558895792738353,-0.8666705862799882,-0.7027349678092571,6
0.6604601778443636,0.9487366711903251,-0.02762055042853807,0.013043295220445918,0.01974723028420026,0.8492322061402472,3.378372698193043,0.6299847668268013,-0.2570061914129569,-0.7124783086965563,-0.9967764610122684,5
0.7211758738908377,0.270415994644376,0.024679141162122043,-0.1025623244233859,0.01974723028420026,0.8492322061402472,3.4123816352485474,0.6416269744309664,-0.32785418291987356,-0.7124783086965563,-0.9967764610122684,5
-0.2502752628527515,-0.732318918510504,0.12927852434344198,-0.6805904226425442,3.5423567434607373,-1.5126833617219368,0.011487929698104114,0.33892957672293217,-0.1153102083991203,2.140078826596931,-0.898762629944598,6
-0.2502752628527515,-0.732318918510504,0.1815782159341021,-0.6805904226425442,3.5423567434607373,-1.4053235631827468,0.04549686675360855,0.32146626531671685,-0.044462216892200444,2.062982687805215,-0.898762629944598,6
-0.675285135178072,2.806745480859662,-1.3874125317856998,0.7066770130834363,0.9591097671312763,-0.8685245704867958,-0.94076230785602,-0.4993093707761151,0.805713681190819,-1.4063435578219994,-0.4086934746062441,5
-0.007412478666853906,-0.5553656985419959,0.1815782159341021,1.1690994916587631,-0.12115715024286135,-0.8685245704867958,-0.3286014408569402,0.676553597243397,0.3097777406423894,-0.2499014759462615,0.08137568073210971,5
-0.7360008312245466,-0.024506038636470828,-1.2305134570137197,0.24425453450810958,-0.26206153076992295,0.6345126090618668,1.643916908362317,0.4262461337540735,1.3016496217392455,-0.32699761473797745,-0.604721136741585,5
-0.7967165272710207,0.270415994644376,-1.3874125317856998,-0.44937918335488086,5.092304929258414,-0.3317255777908449,0.04549686675360855,0.024589971410797513,-0.044462216892200444,-0.32699761473797745,-0.9967764610122684,6
-1.1002950075033924,-0.3784124785734874,-0.6552168495164589,0.013043295220445918,1.5227272892395227,-0.6538049734084155,-0.22657462969042694,0.3505717843270973,2.435217485849938,0.058483079220602266,-0.604721136741585,5
0.41759739365846604,1.745026161048612,-1.1259140738323996,0.013043295220445918,-0.027220896558153608,1.1713116017578178,1.7799526565843347,0.8279022960974141,0.3097777406423894,-0.8666705862799882,-0.4086934746062441,5
-1.1002950075033924,-0.3784124785734874,-0.6552168495164589,0.013043295220445918,1.5227272892395227,-0.6538049734084155,-0.22657462969042694,0.3505717843270973,2.435217485849938,0.058483079220602266,-0.604721136741585,5
-0.7360008312245466,0.38838480795671493,-1.3351128401950398,0.12864891486427774,-0.21509340392756907,0.5271528105226766,1.405854348973786,0.43206723755618837,1.6558895792738353,-0.40409375352969334,-0.604721136741585,5
0.9640386580767353,-1.0272409517913514,0.7568748234313628,-0.1025623244233859,0.06671535712655413,-0.439085376330035,0.5896398596416795,0.8628289189098448,-0.7529421319613833,-1.097959002655136,-0.898762629944598,5
0.9640386580767353,-1.0272409517913514,0.7568748234313628,-0.1025623244233859,0.06671535712655413,-0.439085376330035,0.5896398596416795,0.8628289189098448,-0.7529421319613833,-1.097959002655136,-0.898762629944598,5
1.0247543541232094,0.21143158798820713,-0.1322199336098583,-0.2181679440672172,-0.12115715024286135,0.41979301198348645,0.4876130484751662,1.3867282610967575,-0.9654861064821366,-0.6353821699048403,-0.3106796435385737,6
1.0247543541232094,0.21143158798820713,-0.1322199336098583,-0.2181679440672172,-0.12115715024286135,0.41979301198348645,0.4876130484751662,1.3867282610967575,-0.9654861064821366,-0.6353821699048403,-0.3106796435385737,6
0.17473460947256847,0.6243224345813929,-0.49831777474447864,0.5910713934396046,0.8182053866042154,0.6345126090618668,2.5621582088609367,0.746406842868323,-1.6031180300444028,-0.9437667250717041,-1.0947902920799388,5
-0.5538537430851231,-0.9092721384790126,0.861474206612683,0.24425453450810958,0.01974723028420026,0.31243321344429625,1.3038275378072726,0.21086529307724527,0.09723376612163613,0.2897714955957501,-0.7027349678092571,6
0.29616600156551776,0.6833068412375624,-0.49831777474447864,0.5910713934396046,0.113683483968908,1.0639518032186277,2.9362565164714853,0.8511867113056797,-0.6112461489475467,-0.7895744474882722,-0.8007487988769275,5
-0.7360008312245466,0.5063536212690539,-1.2828131486043797,0.12864891486427774,-0.027220896558153608,0.20507341490510608,1.4738722230847947,0.4262461337540735,1.1599536387254088,-0.32699761473797745,-0.7027349678092571,6
-0.37170665494570027,0.4473692146128844,-1.3874125317856998,0.24425453450810958,-1.2483921944593532,-0.8685245704867958,-1.0427891190225334,-0.1907908692660307,0.45147372365622596,-0.6353821699048403,0.3754171739351227,5
1.0854700501696835,-1.4991162050407068,1.436770814109944,-0.1025623244233859,-0.7787109260358148,-0.8685245704867958,-0.6006729373009757,-0.8194700798903,-1.0363340979890565,-0.8666705862799882,2.041652302085525,6
0.23545030551904259,-0.3784124785734874,0.2338779075247622,0.12864891486427774,2.0863448113477685,0.9565920046794374,0.6916666708081928,0.43206723755618837,-1.5322700385374828,0.7523483283460448,-0.8007487988769275,5
0.5997444817978894,-0.9092721384790126,0.9137738982033431,-0.9118016619302076,-2.0468503507793683,0.6345126090618668,-0.05652994441290476,-0.8485755989006805,-0.5403981574406269,1.2920212998880565,0.3754171739351227,7
0.6604601778443636,-0.14247485194880982,0.39077698229674257,1.4003107309464269,0.01974723028420026,-1.0832441675651763,-1.008780181967029,1.153884109013714,-0.18615819990603702,-0.9437667250717041,0.27740334286745055,6
0.6604601778443636,-0.14247485194880982,0.39077698229674257,1.4003107309464269,0.01974723028420026,-1.0832441675651763,-1.008780181967029,1.153884109013714,-0.18615819990603702,-0.9437667250717041,0.27740334286745055,6
-0.675285135178072,0.5063536212690539,-0.9690149990604192,1.8627332095217537,0.01974723028420026,1.1713116017578178,2.188059901250388,-0.1791486616618656,-0.46955016593371013,-1.02086286386342,-0.9967764610122684,5
0.17473460947256847,0.15244718133203763,-0.9167153074697593,1.0534938720149314,-0.6378065455087533,-0.7611647719476056,-0.9067533708005157,0.3680350957333126,-0.6112461489475467,-1.560535835405431,-0.4086934746062441,5
-1.9503147521540334,0.3588926046286302,-1.3874125317856998,-0.7961960422863761,-1.7650415897252454,-0.11700598071246449,1.4398632860292904,-2.3737047950448225,1.726737570780755,2.294271104180362,2.4337076263562083,7
-0.37170665494570027,0.21143158798820713,-0.9690149990604192,0.12864891486427774,1.5227272892395227,-0.11700598071246449,0.07950580380911298,0.2225075006814104,-0.5403981574406269,0.1355792180123182,-0.8007487988769275,6
0.05330321737962022,-0.024506038636470828,-0.23681931679117837,0.3598601541519414,0.113683483968908,-1.1906039661043664,-0.8727444337450112,0.05951659422329282,-0.39870217442679345,-0.5582860311131252,-0.5067073056739145,6
-0.0681281747133291,-1.4401317983845372,0.704575131840703,0.013043295220445918,-1.3892965749864148,-1.1906039661043664,-1.1448159301890466,-1.8381632452537449,0.09723376612163613,0.4439637731791811,2.335693795288538,7
0.05330321737962022,-1.6170850183530459,0.6522754402500428,-0.44937918335488086,-1.9059459702523067,-1.1906039661043664,-1.1448159301890466,-1.663530131191462,-0.32785418291987356,0.5210599119708971,2.041652302085525,7
-0.0681281747133291,-1.4401317983845372,0.704575131840703,0.013043295220445918,-1.3892965749864148,-1.1906039661043664,-1.1448159301890466,-1.8381632452537449,0.09723376612163613,0.4439637731791811,2.335693795288538,7
-0.5538537430851231,0.03447836801969866,-0.7598162326977791,-0.5649848029987127,3.918101758199568,-1.1906039661043664,-1.0767980560780377,0.1759386702648146,-0.39870217442679345,1.6775019938466353,-1.192804123147611,5
-0.4324223509921749,-0.2604436652611488,0.2338779075247622,0.4754657737957727,-0.5438702918240454,-1.1906039661043664,-0.9747712449115244,0.12354873604610395,-0.6820941404544635,-0.7124783086965563,-0.11465198140323113,6
-0.6145694391315978,-0.2014592586049793,-0.8644156158790992,0.24425453450810958,-0.6378065455087533,-1.1906039661043664,-1.008780181967029,-0.639015862025967,-0.1153102083991203,-1.3292474190302839,0.08137568073210971,5
2.7855095394709655,-0.14247485194880982,1.489070505700604,0.4754657737957727,-0.4499340381393384,-0.8685245704867958,-0.6686908114119846,1.9804808489085315,-1.6031180300444028,0.2897714955957501,0.4734310050027931,6
1.5104799224950045,-0.4373968852296569,0.33847729070608246,0.12864891486427774,0.8182053866042154,0.5271528105226766,-0.1925656926349225,0.8511867113056797,-0.5403981574406269,0.5210599119708971,0.3754171739351227,5
-0.8574322233174948,-0.7913033251666736,-0.1322199336098583,-0.33377356371104905,0.9591097671312763,-1.1906039661043664,-1.24684274135556,-1.2211262422336406,0.8765616726977357,-0.4811898923214093,0.9635001603411469,4
2.603362451331542,-0.6733345118543349,1.436770814109944,0.4754657737957727,1.0060778939736301,0.41979301198348645,-0.09053888146840919,1.55554027135699,-0.7529421319613833,0.9065406059294767,0.8654863292734766,6
1.5104799224950045,-0.4373968852296569,0.33847729070608246,0.12864891486427774,0.8182053866042154,0.5271528105226766,-0.1925656926349225,0.8511867113056797,-0.5403981574406269,0.5210599119708971,0.3754171739351227,5
0.9033229620302612,-0.08349044529264033,-0.3937183915631586,0.9378882523711,-0.027220896558153608,-0.7611647719476056,-0.46463718907895796,0.9792509949513666,-0.6112461489475467,-0.4811898923214093,0.08137568073210971,6
1.5104799224950045,-1.381147391728368,0.8091745150220229,-0.9118016619302076,0.113683483968908,0.41979301198348645,-0.5666640002454713,-0.7379746266612736,-0.2570061914129569,0.675252189554329,1.4535693156795009,6
-0.7360008312245466,1.125689891158833,-1.3874125317856998,-0.044759514601469735,-0.49690216498169226,0.6345126090618668,0.11351474086461742,-0.23153859588057624,-0.18615819990603702,-1.483439696613715,-0.9967764610122684,5
0.47831308970494013,0.8012756545499014,-0.6029171579257989,0.9378882523711,0.7242691329195077,-0.6538049734084155,0.5216219855306706,1.770921112033818,-0.2570061914129569,-0.7895744474882722,-0.8007487988769275,5
-0.7967165272710207,0.9487366711903251,-1.3874125317856998,-0.5649848029987127,0.8182053866042154,-0.6538049734084155,-0.7367086855229934,-0.3828872947345933,0.16808175762855285,-0.32699761473797745,-0.7027349678092571,5
-0.9788636154104436,0.09346277467586815,-0.7075165411071189,-0.44937918335488086,-0.26206153076992295,-0.009646182173274296,-0.26058356674593136,0.33892957672293217,2.080977528315345,-0.018613059571113668,-0.604721136741585,5
-0.9788636154104436,0.09346277467586815,-0.7075165411071189,-0.44937918335488086,-0.26206153076992295,-0.009646182173274296,-0.26058356674593136,0.33892957672293217,2.080977528315345,-0.018613059571113668,-0.604721136741585,5
-0.7360008312245466,-0.2604436652611488,0.07697883275278215,0.4754657737957727,-0.6378065455087533,-0.975884369025986,-0.94076230785602,0.05951659422329282,-0.5403981574406269,-0.8666705862799882,-0.11465198140323113,5
-0.7360008312245466,-0.3784124785734874,-0.6552168495164589,0.4754657737957727,-0.26206153076992295,-0.009646182173274296,-0.22657462969042694,-0.27810742629717206,0.3097777406423894,-1.175055141446852,0.27740334286745055,5
-0.49313804703864905,-1.4991162050407068,0.39077698229674257,-0.1025623244233859,-1.4832328286711223,-1.1906039661043664,-1.2128338043000555,-0.9417132597339366,0.5931697066700625,-0.018613059571113668,0.5714448360704636,7
-0.7360008312245466,-0.3784124785734874,-0.6552168495164589,0.4754657737957727,-0.26206153076992295,-0.009646182173274296,-0.22657462969042694,-0.27810742629717206,0.3097777406423894,-1.175055141446852,0.27740334286745055,5
-0.3109909588992261,0.270415994644376,-0.9167153074697593,-0.1025623244233859,-0.7787109260358148,2.030189990071339,0.04549686675360855,-1.4830759133270646,1.0182576557115723,0.7523483283460448,2.237679964220866,8
-1.4645891837822382,0.5063536212690539,-0.9690149990604192,-0.33377356371104905,-0.49690216498169226,0.0977136163659159,-0.6686908114119846,-1.721741169212223,1.726737570780755,0.9836367447211927,0.669458667138134,6
-0.49313804703864905,0.9487366711903251,-1.0213146906510793,0.12864891486427774,-1.1074878139322917,-1.0832441675651763,-1.1788248672445512,-0.23153859588057624,0.45147372365622596,-0.7124783086965563,0.4734310050027931,4
-1.4645891837822382,0.5063536212690539,-0.9690149990604192,-0.33377356371104905,-0.49690216498169226,0.0977136163659159,-0.6686908114119846,-1.721741169212223,1.726737570780755,0.9836367447211927,0.669458667138134,6
1.267617138309107,-0.4963812918858264,0.8091745150220229,-1.0274072815740394,2.9787392213524906,2.030189990071339,0.14752367792012186,0.9326821645347708,0.45147372365622596,1.6775019938466353,-0.5067073056739145,3
1.9962054908667985,-0.31942807191731826,0.9137738982033431,-0.9118016619302076,3.0726754750371983,2.2449095871497198,0.24955048908663516,0.955966579743101,0.45147372365622596,1.6775019938466353,-0.5067073056739145,4
0.29616600156551776,0.9487366711903251,-0.02762055042853807,-0.9118016619302076,0.30155599133832284,0.0977136163659159,-0.7026997484674891,0.12936983984821881,0.02638577461471627,-1.3292474190302839,-0.9967764610122684,5
-0.4324223509921749,0.8307678578779861,-0.8644156158790992,-1.0274072815740394,-0.731742799193461,1.2786714002970079,0.3855862373086529,-0.0976532084327745,0.5223217151631458,-1.02086286386342,-1.0947902920799388,5
1.0854700501696835,-1.2631785784160292,0.44307667388740235,-0.9118016619302076,-0.3090296576122768,-0.6538049734084155,-0.5326550631899668,0.0013055562025319348,-0.5403981574406269,1.4462135774714875,0.7674724982058044,7
-1.4038734877357641,-0.14247485194880982,-1.1782137654230596,-0.2181679440672172,0.4894284987077383,-0.22436577925165468,-0.6006729373009757,-0.1442220388494349,1.0182576557115723,-1.3292474190302839,-0.4086934746062441,5
1.6926270106344268,-0.6143501051981654,1.070672972975323,0.30205734433002523,0.16065161081126186,-0.6538049734084155,-0.3286014408569402,0.3738561995354275,-0.5403981574406269,0.9836367447211927,1.6495969778148416,7
-1.0395793114569183,0.8012756545499014,-1.3874125317856998,0.7066770130834363,1.5696954160818766,0.6345126090618668,-0.43062825202345356,-0.24900190728679159,0.9474096642046556,-0.09570919836282961,-0.11465198140323113,5
1.3890485304020552,-0.14247485194880982,0.9660735897940033,0.24425453450810958,1.7575679234512913,2.030189990071339,0.8277024190302106,0.21086529307724527,-0.6112461489475467,0.598156050762613,0.4734310050027931,6
-0.7360008312245466,0.9487366711903251,0.44307667388740235,-0.44937918335488086,0.30155599133832284,-0.6538049734084155,1.643916908362317,-0.24318080348474136,-0.2570061914129569,-0.17280533715454555,-0.9967764610122684,5
0.9640386580767353,-1.6170850183530459,1.0183732813846633,-0.7961960422863761,-0.9196153065628765,1.1713116017578178,-0.05652994441290476,-0.4760249555677849,-0.9654861064821366,1.4462135774714875,0.17938951179978013,6
-1.1610107035498665,0.6833068412375624,-0.2891190083818385,-0.6805904226425442,-0.027220896558153608,-0.11700598071246449,-0.43062825202345356,0.10026432083783837,1.9392815453015084,0.1355792180123182,-0.604721136741585,5
-1.1610107035498665,0.6833068412375624,-0.2891190083818385,-0.6805904226425442,-0.027220896558153608,-0.11700598071246449,-0.43062825202345356,0.10026432083783837,1.9392815453015084,0.1355792180123182,-0.604721136741585,5
-0.5538537430851231,0.9192444678622403,-0.5506174663351387,-0.6805904226425442,-0.1681252770852152,-0.3317255777908449,-0.15855675557941806,0.5717737288060404,1.3016496217392455,0.4439637731791811,-0.5067073056739145,6
-1.1610107035498665,0.6833068412375624,-0.2891190083818385,-0.6805904226425442,-0.027220896558153608,-0.11700598071246449,-0.43062825202345356,0.10026432083783837,1.9392815453015084,0.1355792180123182,-0.604721136741585,5
-1.1610107035498665,0.6243224345813929,-0.2891190083818385,-0.9118016619302076,-0.07418902340050748,-0.3317255777908449,-0.3966193149679491,0.10026432083783837,1.8684335537945918,0.1355792180123182,-0.604721136741585,5
0.5997444817978894,-0.5553656985419959,0.9137738982033431,-0.5649848029987127,0.16065161081126186,-0.6538049734084155,-0.7367086855229934,0.21086529307724527,-0.2570061914129569,-0.7124783086965563,-0.898762629944598,5
0.5997444817978894,-0.5553656985419959,0.9137738982033431,-0.5649848029987127,0.16065161081126186,-0.6538049734084155,-0.7367086855229934,0.21086529307724527,-0.2570061914129569,-0.7124783086965563,-0.898762629944598,5
-0.18955956680627734,-0.6143501051981654,0.28617759911542234,0.12864891486427774,-0.07418902340050748,1.1713116017578178,2.66418502002745,0.7522279466703733,-0.6820941404544635,3.296520908472669,-0.7027349678092571,5
0.5997444817978894,-0.968256545135182,0.6522754402500428,-1.0274072815740394,-0.07418902340050748,2.7817085798456707,0.3855862373086529,-0.11511651983905447,1.0891056472184921,0.675252189554329,0.4734310050027931,6
0.5997444817978894,-0.968256545135182,0.6522754402500428,-1.0274072815740394,-0.07418902340050748,2.7817085798456707,0.3855862373086529,-0.11511651983905447,1.0891056472184921,0.675252189554329,0.4734310050027931,6
-0.4324223509921749,1.243658704471172,-1.2828131486043797,0.12864891486427774,-0.49690216498169226,-0.5464451748692253,-1.008780181967029,-0.7787223532757545,1.3724976132461622,0.5210599119708971,1.2575416535441581,7
0.5997444817978894,-0.968256545135182,0.6522754402500428,-1.0274072815740394,-0.07418902340050748,2.7817085798456707,0.3855862373086529,-0.11511651983905447,1.0891056472184921,0.675252189554329,0.4734310050027931,6
-0.0681281747133291,-1.5581006116968763,0.39077698229674257,0.12864891486427774,-0.40296591129698456,0.0977136163659159,0.11351474086461742,-0.4527405403594547,0.5931697066700625,1.0607328835129086,0.8654863292734766,7
2.056921186913273,-1.4401317983845372,1.070672972975323,-0.7961960422863761,-1.295360321301707,0.20507341490510608,-0.3966193149679491,0.08280100943155841,-1.178030081002893,0.21267535680403415,0.17938951179978013,7
-0.9181479193639694,0.21143158798820713,-0.23681931679117837,-0.6805904226425442,-0.3559977844546307,-0.009646182173274296,-0.6686908114119846,-1.360832733483428,0.5931697066700625,1.3691174386797715,0.7674724982058044,6
-0.675285135178072,0.5653380279252235,-1.0736143822417394,0.3598601541519414,-0.21509340392756907,-0.009646182173274296,1.405854348973786,0.43206723755618837,1.3724976132461622,-0.7895744474882722,-0.898762629944598,5
-1.5253048798287128,2.8657298875158315,2.0643671131978647,-0.44937918335488086,-1.9998822239370144,-0.009646182173274296,1.5078811601402993,-1.8323421414516945,2.435217485849938,-0.32699761473797745,1.0615139914088174,6
-0.49313804703864905,-0.6143501051981654,0.28617759911542234,0.3598601541519414,-0.6847746723511071,-0.8685245704867958,-0.6346818743564802,-0.2548230110888418,-0.5403981574406269,-1.560535835405431,-0.01663815033556071,5
-0.675285135178072,0.5653380279252235,-1.0736143822417394,0.12864891486427774,-0.1681252770852152,0.20507341490510608,1.3718454119182815,0.43206723755618837,1.3724976132461622,-0.8666705862799882,-0.7027349678092571,5
-0.675285135178072,0.5653380279252235,-1.0736143822417394,0.3598601541519414,-0.21509340392756907,-0.009646182173274296,1.405854348973786,0.43206723755618837,1.3724976132461622,-0.7895744474882722,-0.898762629944598,5
-0.675285135178072,0.6538146379094777,-1.0213146906510793,0.24425453450810958,-0.21509340392756907,0.0977136163659159,1.4398632860292904,0.4437094451603535,1.3724976132461622,-0.7895744474882722,-0.7027349678092571,5
-0.9181479193639694,-0.2014592586049793,-0.23681931679117837,-0.1025623244233859,-0.49690216498169226,-0.22436577925165468,-0.6686908114119846,-1.360832733483428,0.6640176981769824,1.4462135774714875,0.8654863292734766,6
-0.8574322233174948,-0.08349044529264033,-0.18451962520051826,-0.44937918335488086,-0.4499340381393384,-0.22436577925165468,-0.7367086855229934,-1.360832733483428,0.5931697066700625,1.5233097162632034,0.7674724982058044,6
-0.9181479193639694,0.21143158798820713,-0.23681931679117837,-0.6805904226425442,-0.3559977844546307,-0.009646182173274296,-0.6686908114119846,-1.360832733483428,0.5931697066700625,1.3691174386797715,0.7674724982058044,6
-0.4324223509921749,0.6243224345813929,-1.2305134570137197,-0.44937918335488086,-0.07418902340050748,1.2786714002970079,-0.02252100735740032,-0.5458782011927109,0.8765616726977357,-0.018613059571113668,0.4734310050027931,6
-0.37170665494570027,1.125689891158833,-1.3351128401950398,-0.33377356371104905,-0.8256790528781687,1.7081105944537687,-0.02252100735740032,-1.7508466882226035,0.6640176981769824,-0.5582860311131252,1.3555554846118303,6
-0.8574322233174948,0.21143158798820713,-1.2305134570137197,-1.0274072815740394,0.20761973765361508,2.2449095871497198,0.07950580380911298,-0.8718600141090106,1.5141935962599986,-0.5582860311131252,0.17938951179978013,5
-0.6145694391315978,-1.0272409517913514,-0.1322199336098583,-0.44937918335488086,-0.6847746723511071,1.3860311988361982,0.14752367792012186,-0.557520408796876,0.805713681190819,-0.7895744474882722,-0.4086934746062441,4
0.47831308970494013,-1.8530226449777236,0.5476760570687226,-0.9118016619302076,-0.6847746723511071,-0.975884369025986,-1.1448159301890466,-0.6972269000467279,-0.6112461489475467,-0.4811898923214093,0.669458667138134,7
1.267617138309107,-0.850287731822843,1.0183732813846633,-0.33377356371104905,1.053046020815984,-0.975884369025986,-1.1448159301890466,-0.04526327421412848,-1.3905740555236463,0.058483079220602266,1.3555554846118303,7
0.29616600156551776,-1.2631785784160292,0.704575131840703,0.4754657737957727,1.2878866550277535,-0.8685245704867958,-0.94076230785602,-0.33631846431793294,-0.044462216892200444,1.1378290223046246,1.3555554846118303,7
-0.7360008312245466,-0.31942807191731826,-1.3874125317856998,-0.2181679440672172,-0.6847746723511071,-0.8685245704867958,-1.008780181967029,-0.9009655331193911,0.5931697066700625,-0.4811898923214093,0.4734310050027931,4
-0.37170665494570027,1.125689891158833,-1.3351128401950398,-0.33377356371104905,-0.8256790528781687,1.7081105944537687,-0.02252100735740032,-1.7508466882226035,0.6640176981769824,-0.5582860311131252,1.3555554846118303,6
0.29616600156551776,0.5063536212690539,-0.3937183915631586,1.8627332095217537,0.583364752392446,1.6007507959145786,0.8617113560857149,0.6707324934413468,-0.6820941404544635,-1.097959002655136,-0.4086934746062441,6
-0.675285135178072,0.4473692146128844,-1.1782137654230596,0.12864891486427774,-0.26206153076992295,0.31243321344429625,1.5078811601402993,0.4262461337540735,1.5141935962599986,-0.7124783086965563,-0.898762629944598,5
0.5390287857514142,0.21143158798820713,-0.4460180831538187,-0.9118016619302076,-0.1681252770852152,-0.5464451748692253,-0.7707176225784979,-0.557520408796876,-1.178030081002893,-1.175055141446852,-0.5067073056739145,5
-0.4324223509921749,1.125689891158833,-1.3874125317856998,-0.33377356371104905,-0.6378065455087533,1.6007507959145786,-0.2945925038014358,-0.807827872286135,1.1599536387254088,0.058483079220602266,0.9635001603411469,6
0.05330321737962022,-1.2631785784160292,0.12927852434344198,0.8222826327272682,5.280177436627829,-0.11700598071246449,-0.6006729373009757,-0.7903645608799196,-0.6820941404544635,1.0607328835129086,1.5515831467471712,6
-0.675285135178072,0.4473692146128844,-1.1782137654230596,0.12864891486427774,-0.26206153076992295,0.31243321344429625,1.5078811601402993,0.4262461337540735,1.5141935962599986,-0.7124783086965563,-0.898762629944598,5
0.29616600156551776,0.5063536212690539,-0.3937183915631586,1.8627332095217537,0.583364752392446,1.6007507959145786,0.8617113560857149,0.6707324934413468,-0.6820941404544635,-1.097959002655136,-0.4086934746062441,6
0.3568816976119919,1.3321353144554262,-0.6552168495164589,0.12864891486427774,0.20761973765361508,-0.6538049734084155,-0.46463718907895796,0.886113334118175,0.16808175762855285,-0.018613059571113668,0.08137568073210971,5
0.41759739365846604,1.6270573477362735,-0.7598162326977791,0.013043295220445918,0.06671535712655413,-0.7611647719476056,-0.5326550631899668,0.955966579743101,0.09723376612163613,0.058483079220602266,-0.01663815033556071,6
1.4497642264485293,-0.024506038636470828,0.5999757486593827,0.24425453450810958,-0.731742799193461,1.4933909973753883,0.41959517436415733,-0.5516993049947612,-1.178030081002893,1.1378290223046246,1.6495969778148416,7
-0.9181479193639694,0.270415994644376,-1.3874125317856998,0.12864891486427774,-0.4499340381393384,1.815470392992959,0.6916666708081928,-1.0523142319734082,0.805713681190819,-0.6353821699048403,0.7674724982058044,6
-0.675285135178072,-1.0862253584475208,-0.1322199336098583,-0.44937918335488086,-0.49690216498169226,1.6007507959145786,0.2835594261421396,-0.557520408796876,0.8765616726977357,-0.4811898923214093,-0.3106796435385737,5
-0.675285135178072,0.8012756545499014,-1.2305134570137197,-0.1025623244233859,-0.1681252770852152,0.0977136163659159,1.4398632860292904,0.41460392614997305,1.5141935962599986,-0.5582860311131252,-0.7027349678092571,5
1.0854700501696835,-0.4373968852296569,-0.18451962520051826,-0.5649848029987127,0.01974723028420026,-0.5464451748692253,-0.8727444337450112,0.5950581440143059,-0.6820941404544635,0.058483079220602266,-1.0947902920799388,6
-0.675285135178072,0.8012756545499014,-1.2305134570137197,-0.1025623244233859,-0.1681252770852152,0.0977136163659159,1.4398632860292904,0.41460392614997305,1.5141935962599986,-0.5582860311131252,-0.7027349678092571,5
-0.675285135178072,0.6243224345813929,-1.2305134570137197,-0.2181679440672172,-0.07418902340050748,0.20507341490510608,1.5078811601402993,0.4262461337540735,1.5141935962599986,-0.4811898923214093,-0.604721136741585,6
-0.7360008312245466,0.38838480795671493,-1.3351128401950398,-0.1025623244233859,-0.07418902340050748,1.2786714002970079,-0.02252100735740032,-0.7088691076508284,0.7348656896838991,-0.4811898923214093,0.27740334286745055,6
-0.007412478666853906,-1.2631785784160292,0.6522754402500428,0.013043295220445918,-0.1681252770852152,0.20507341490510608,-0.02252100735740032,-1.3259061106709973,-0.044462216892200444,0.9836367447211927,2.041652302085525,7
-0.7360008312245466,0.38838480795671493,-1.3351128401950398,-0.1025623244233859,-0.07418902340050748,1.2786714002970079,-0.02252100735740032,-0.7088691076508284,0.7348656896838991,-0.4811898923214093,0.27740334286745055,6
-0.007412478666853906,-1.2631785784160292,0.6522754402500428,0.013043295220445918,-0.1681252770852152,0.20507341490510608,-0.02252100735740032,-1.3259061106709973,-0.044462216892200444,0.9836367447211927,2.041652302085525,7
-0.007412478666853906,2.9247142941720012,-1.2828131486043797,1.1690994916587631,0.113683483968908,-0.975884369025986,-1.1108069931335423,1.2819483926594006,1.1599536387254088,-1.175055141446852,0.5714448360704636,3
0.3568816976119919,-1.2631785784160292,0.49537636547806246,0.24425453450810958,-1.2014240676169994,-0.5464451748692253,-0.15855675557941806,-0.639015862025967,0.5931697066700625,0.36686763438746517,1.3555554846118303,5
-0.5538537430851231,0.6538146379094777,-0.8644156158790992,0.013043295220445918,-0.07418902340050748,0.0977136163659159,-0.36261037791244466,0.3738561995354275,1.8684335537945918,0.36686763438746517,0.3754171739351227,7
-0.5538537430851231,0.6538146379094777,-0.8644156158790992,0.013043295220445918,-0.07418902340050748,0.0977136163659159,-0.36261037791244466,0.3738561995354275,1.8684335537945918,0.36686763438746517,0.3754171739351227,7
-0.9181479193639694,0.38838480795671493,-1.0736143822417394,4.174845602398388,-1.0135515602475842,-0.439085376330035,-0.8727444337450112,-0.30139184150550224,0.6640176981769824,-0.40409375352969334,0.3754171739351227,7
-0.9181479193639694,0.38838480795671493,-1.0736143822417394,4.174845602398388,-1.0135515602475842,-0.439085376330035,-0.8727444337450112,-0.30139184150550224,0.6640176981769824,-0.40409375352969334,0.3754171739351227,7
0.5390287857514142,0.32940040130054543,-0.34141869997249846,0.7066770130834363,-0.027220896558153608,-0.009646182173274296,2.426122460638919,0.746406842868323,-0.6112461489475467,-0.40409375352969334,-0.898762629944598,5
-0.675285135178072,0.09346277467586815,0.024679141162122043,0.24425453450810958,0.113683483968908,-0.3317255777908449,1.167791789585255,-0.18496976546398047,0.5223217151631458,0.5210599119708971,0.5714448360704636,5
-1.34315779168929,0.21143158798820713,-1.3874125317856998,-0.2181679440672172,-0.12115715024286135,-0.975884369025986,-1.1788248672445512,-1.1163463737962194,1.9392815453015084,-0.7895744474882722,1.0615139914088174,6
-0.5538537430851231,-0.024506038636470828,-0.7075165411071189,0.013043295220445918,-0.1681252770852152,2.030189990071339,0.5896398596416795,-0.8369333912965153,0.805713681190819,-0.40409375352969334,0.3754171739351227,6
-0.6145694391315978,-1.2926707817441139,0.6522754402500428,-1.3742241405055347,-1.060519687089938,-0.8685245704867958,-1.1108069931335423,-1.983690840305647,-0.18615819990603702,-0.9437667250717041,1.0615139914088174,6
0.5997444817978894,-0.850287731822843,1.1229726645659832,1.63152197023409,2.3681535724018916,-1.2979637646435567,-1.1108069931335423,-0.5516993049947612,-0.6112461489475467,-0.5582860311131252,2.7277491195592196,6
1.0247543541232094,-0.3784124785734874,0.9137738982033431,0.5910713934396046,-0.7787109260358148,-1.1906039661043664,-1.2128338043000555,0.012947763806632411,0.09723376612163613,-0.17280533715454555,1.747610808882512,6
0.6604601778443636,-0.7618111218385888,1.0183732813846633,2.5563669273847434,0.583364752392446,-1.2979637646435567,-1.1448159301890466,-0.1907908692660307,-0.32785418291987356,-0.018613059571113668,1.747610808882512,7
-0.6145694391315978,-1.2926707817441139,0.6522754402500428,-1.3742241405055347,-1.060519687089938,-0.8685245704867958,-1.1108069931335423,-1.983690840305647,-0.18615819990603702,-0.9437667250717041,1.0615139914088174,6
0.17473460947256847,-1.2336863750879443,0.704575131840703,-0.2181679440672172,-0.12115715024286135,-1.2979637646435567,-1.2808516784110644,-0.9300710521297716,-0.32785418291987356,0.21267535680403415,1.4535693156795009,6
-1.8288833600610845,1.125689891158833,-0.3937183915631586,-1.0274072815740394,3.7302292508301527,-0.8685245704867958,0.623648796697184,-1.6111401969727515,2.151825519822265,-0.2499014759462615,0.5714448360704636,5
0.05330321737962022,-0.968256545135182,0.28617759911542234,-0.2181679440672172,-0.027220896558153608,1.815470392992959,1.2018007266407593,-0.18496976546398047,-0.1153102083991203,0.598156050762613,0.5714448360704636,6
0.05330321737962022,0.5653380279252235,-0.7598162326977791,-0.6805904226425442,-0.4499340381393384,2.4596291842281,0.07950580380911298,-0.9766398825463674,0.45147372365622596,1.908790410221783,1.3555554846118303,6
0.7818915699373118,-0.6733345118543349,0.5476760570687226,-0.1025623244233859,0.4424603718653844,-0.5464451748692253,-0.7026997484674891,0.6649113896392319,-0.5403981574406269,-0.6353821699048403,0.08137568073210971,5
0.05330321737962022,-0.968256545135182,0.28617759911542234,-0.2181679440672172,-0.027220896558153608,1.815470392992959,1.2018007266407593,-0.18496976546398047,-0.1153102083991203,0.598156050762613,0.5714448360704636,6
0.05330321737962022,0.5653380279252235,-0.7598162326977791,-0.6805904226425442,-0.4499340381393384,2.4596291842281,0.07950580380911298,-0.9766398825463674,0.45147372365622596,1.908790410221783,1.3555554846118303,6
0.17473460947256847,-0.31942807191731826,0.024679141162122043,-0.1025623244233859,-1.2483921944593532,-0.11700598071246449,-0.5326550631899668,-0.9067866369214413,-0.9654861064821366,1.2149251610963405,0.7674724982058044,5
0.05330321737962022,0.8602600612060709,-0.3937183915631586,-0.2181679440672172,0.5363966255500922,-0.439085376330035,1.0657649784187415,0.3738561995354275,-0.8237901234683,-0.40409375352969334,-1.192804123147611,4
0.17473460947256847,-0.31942807191731826,0.024679141162122043,-0.1025623244233859,-1.2483921944593532,-0.11700598071246449,-0.5326550631899668,-0.9067866369214413,-0.9654861064821366,1.2149251610963405,0.7674724982058044,5
0.23545030551904259,-1.14520976510369,0.5999757486593827,1.0534938720149314,-0.8726471797205225,-0.5464451748692253,-0.8387354966895068,-1.1861996194211453,-0.1153102083991203,0.675252189554329,1.5515831467471712,7
-1.0395793114569183,0.5063536212690539,-1.3351128401950398,-0.5649848029987127,-0.07418902340050748,-0.7611647719476056,-0.6346818743564802,0.43206723755618837,2.6477614603706914,0.675252189554329,0.08137568073210971,5
-0.5538537430851231,0.5063536212690539,-1.3351128401950398,-0.44937918335488086,-0.3559977844546307,-0.22436577925165468,-0.1925656926349225,0.4437094451603535,1.1599536387254088,0.058483079220602266,-0.604721136741585,5
-0.4324223509921749,-0.732318918510504,0.12927852434344198,-0.5649848029987127,-0.1681252770852152,1.4933909973753883,0.7596845449192017,0.2225075006814104,0.9474096642046556,-0.40409375352969334,-0.898762629944598,6
-0.5538537430851231,0.5063536212690539,-1.3351128401950398,-0.44937918335488086,-0.3559977844546307,-0.22436577925165468,-0.1925656926349225,0.4437094451603535,1.1599536387254088,0.058483079220602266,-0.604721136741585,5
-1.0395793114569183,0.5063536212690539,-1.3351128401950398,-0.5649848029987127,-0.07418902340050748,-0.7611647719476056,-0.6346818743564802,0.43206723755618837,2.6477614603706914,0.675252189554329,0.08137568073210971,5
0.29616600156551776,-1.3221629850721985,0.5999757486593827,-0.1025623244233859,-1.0135515602475842,0.41979301198348645,0.9637381672522283,-0.749616834265374,0.5223217151631458,0.598156050762613,1.3555554846118303,6
0.29616600156551776,-1.3221629850721985,0.5999757486593827,-0.1025623244233859,-1.0135515602475842,0.41979301198348645,0.9637381672522283,-0.749616834265374,0.5223217151631458,0.598156050762613,1.3555554846118303,6
2.2390682750526962,0.6243224345813929,1.2275720477473036,-1.1430129012178714,-0.49690216498169226,-0.975884369025986,-0.6006729373009757,0.6940169086496124,-1.7448140130582392,-0.32699761473797745,-0.01663815033556071,4
-0.675285135178072,-0.850287731822843,0.5999757486593827,0.4754657737957727,-0.6378065455087533,0.8492322061402472,-0.05652994441290476,-1.8381632452537449,0.16808175762855285,0.598156050762613,2.4337076263562083,7
-1.2824420956428153,-0.3784124785734874,-0.49831777474447864,-0.9118016619302076,-0.40296591129698456,-0.8685245704867958,-1.1108069931335423,-1.436507082910469,2.080977528315345,-0.7895744474882722,0.9635001603411469,5
0.7818915699373118,-1.14520976510369,1.3321714309286237,-0.2181679440672172,-0.3559977844546307,-0.22436577925165468,-0.6346818743564802,-0.9475343635359869,0.3097777406423894,0.9065406059294767,1.9436384710178547,7
0.9640386580767353,-1.4991162050407068,1.1752723561566434,3.018789405960071,0.01974723028420026,-0.6538049734084155,-0.9067533708005157,-1.0930619585879537,-0.8946381149752198,-0.9437667250717041,2.041652302085525,7
1.0854700501696835,-0.5553656985419959,0.704575131840703,0.24425453450810958,0.4894284987077383,-0.22436577925165468,0.2835594261421396,0.9443243721389358,-0.6820941404544635,-0.018613059571113668,-0.4086934746062441,7
0.9033229620302612,-0.14247485194880982,0.39077698229674257,-0.1025623244233859,0.583364752392446,-0.5464451748692253,0.04549686675360855,1.1189574862012186,-0.5403981574406269,-0.32699761473797745,-0.7027349678092571,7
-0.007412478666853906,-1.3221629850721985,1.1752723561566434,1.63152197023409,0.39549224502303054,-0.439085376330035,-0.6686908114119846,-1.0115665053588627,-0.32785418291987356,-0.018613059571113668,1.6495969778148416,7
1.1461857462161575,-0.4963812918858264,0.8091745150220229,-0.44937918335488086,-0.49690216498169226,-0.8685245704867958,-0.8047265596340023,-0.6157314468176369,-1.2488780725098096,1.1378290223046246,0.669458667138134,7
1.1461857462161575,-0.4963812918858264,1.6459695804725838,1.978338829165585,0.4894284987077383,-0.439085376330035,-0.6686908114119846,0.4262461337540735,-0.18615819990603702,2.6797517981389416,1.5515831467471712,7
-0.007412478666853906,-1.4401317983845372,1.1229726645659832,-0.33377356371104905,0.5363966255500922,-0.975884369025986,-1.0767980560780377,-1.5354658475457752,-0.39870217442679345,-0.17280533715454555,1.9436384710178547,7
0.3568816976119919,-2.3838823048832483,0.9660735897940033,-0.6805904226425442,-0.3090296576122768,-0.5464451748692253,-0.7707176225784979,-0.6972269000467279,0.6640176981769824,0.9065406059294767,1.4535693156795009,7
0.3568816976119919,-2.3838823048832483,0.9660735897940033,-0.6805904226425442,-0.3090296576122768,-0.5464451748692253,-0.7707176225784979,-0.6972269000467279,0.6640176981769824,0.9065406059294767,1.4535693156795009,7
0.3568816976119919,-2.3838823048832483,0.9660735897940033,-0.6805904226425442,-0.3090296576122768,-0.5464451748692253,-0.7707176225784979,-0.6972269000467279,0.6640176981769824,0.9065406059294767,1.4535693156795009,7
-0.007412478666853906,-1.4401317983845372,1.1229726645659832,-0.33377356371104905,0.5363966255500922,-0.975884369025986,-1.0767980560780377,-1.5354658475457752,-0.39870217442679345,-0.17280533715454555,1.9436384710178547,7
-0.0681281747133291,-1.2631785784160292,0.704575131840703,-0.2181679440672172,-1.1074878139322917,-0.975884369025986,-1.1448159301890466,-0.7903645608799196,-0.044462216892200444,0.2897714955957501,0.7674724982058044,7
1.1461857462161575,-1.0862253584475208,1.1229726645659832,-0.33377356371104905,-1.3892965749864148,-1.0832441675651763,-1.1788248672445512,-1.2444106574419063,-0.8237901234683,0.36686763438746517,1.6495969778148416,7
-0.4324223509921749,-0.5553656985419959,0.704575131840703,0.3598601541519414,0.01974723028420026,-0.975884369025986,-1.1108069931335423,-0.7787223532757545,0.8765616726977357,-0.7895744474882722,1.747610808882512,6
0.11401891342609434,-1.8530226449777236,1.3321714309286237,-0.5649848029987127,0.39549224502303054,-0.6538049734084155,-0.7026997484674891,-0.13840093504732004,0.3097777406423894,0.21267535680403415,-0.01663815033556071,5
0.41759739365846604,-0.968256545135182,1.3321714309286237,-0.33377356371104905,1.3818229087124612,-1.0832441675651763,-1.1448159301890466,-0.6040892392134718,-0.044462216892200444,-0.17280533715454555,0.8654863292734766,6
0.7211758738908377,-0.9092721384790126,1.3321714309286237,-0.44937918335488086,0.30155599133832284,-0.3317255777908449,0.24955048908663516,-0.3421395681200478,-0.18615819990603702,-0.4811898923214093,0.669458667138134,6
-1.1610107035498665,0.270415994644376,-0.7598162326977791,-0.1025623244233859,1.8045360502936452,1.0639518032186277,-0.26058356674593136,-0.889323325515226,1.0891056472184921,0.5210599119708971,0.8654863292734766,7
-0.18955956680627734,0.38838480795671493,-1.1259140738323996,-0.44937918335488086,0.3485241181806767,-0.3317255777908449,-0.3966193149679491,0.3680350957333126,0.3097777406423894,-0.2499014759462615,-0.4086934746062441,5
0.11401891342609434,-0.31942807191731826,0.024679141162122043,-0.5649848029987127,-1.1074878139322917,0.31243321344429625,-0.1925656926349225,-0.8951444293173408,-1.1071820894959732,1.6004058550549194,0.669458667138134,6
-0.7360008312245466,0.21143158798820713,-0.6552168495164589,-0.9118016619302076,-0.1681252770852152,-0.8685245704867958,-0.8727444337450112,-0.4643827479636198,-0.32785418291987356,-0.17280533715454555,-1.0947902920799388,5
-1.0395793114569183,0.270415994644376,-1.2828131486043797,-0.33377356371104905,1.5696954160818766,-0.975884369025986,-0.94076230785602,-0.10347431223488937,0.45147372365622596,0.36686763438746517,-0.898762629944598,5
0.29616600156551776,-1.4991162050407068,0.6522754402500428,-0.44937918335488086,0.8651735134465692,0.5271528105226766,-0.5666640002454713,-0.7321535228591587,-1.178030081002893,0.36686763438746517,0.7674724982058044,6
0.11401891342609434,-0.31942807191731826,0.024679141162122043,-0.5649848029987127,-1.1074878139322917,0.31243321344429625,-0.1925656926349225,-0.8951444293173408,-1.1071820894959732,1.6004058550549194,0.669458667138134,6
-0.007412478666853906,-1.0862253584475208,0.704575131840703,0.013043295220445918,-0.7787109260358148,0.9565920046794374,0.14752367792012186,-0.6855846924425629,0.16808175762855285,1.6775019938466353,0.5714448360704636,6
0.41759739365846604,-0.850287731822843,0.7568748234313628,0.013043295220445918,1.0060778939736301,-0.975884369025986,-1.1448159301890466,-0.3945295023386938,-1.3197260640167296,-0.4811898923214093,1.4535693156795009,7
0.11401891342609434,0.8012756545499014,-0.34141869997249846,-0.33377356371104905,0.7242691329195077,0.8492322061402472,2.35810458652791,0.35639288812921216,-1.3197260640167296,-1.252151280238568,-1.192804123147611,5
0.41759739365846604,-0.732318918510504,0.861474206612683,0.013043295220445918,-0.6378065455087533,1.4933909973753883,0.07950580380911298,-1.4074015639000883,-0.8237901234683,-0.32699761473797745,1.747610808882512,6
-0.9788636154104436,0.21143158798820713,-0.9167153074697593,0.5910713934396046,-0.12115715024286135,-0.8685245704867958,-0.7367086855229934,-0.016157755203748035,1.0182576557115723,-0.2499014759462615,-0.2126658124709033,5
1.267617138309107,-1.5581006116968763,1.1229726645659832,-0.5649848029987127,-0.731742799193461,-0.975884369025986,-1.1448159301890466,0.30400295391050147,0.09723376612163613,1.7545981326383513,0.4734310050027931,6
1.267617138309107,-1.5581006116968763,1.1229726645659832,-0.5649848029987127,-0.731742799193461,-0.975884369025986,-1.1448159301890466,0.30400295391050147,0.09723376612163613,1.7545981326383513,0.4734310050027931,6
1.0854700501696835,-0.850287731822843,1.2275720477473036,0.013043295220445918,1.053046020815984,-0.975884369025986,-1.0427891190225334,-0.16750645405770048,-0.6820941404544635,0.058483079220602266,1.1595278224764878,7
0.11401891342609434,-1.0862253584475208,0.9137738982033431,-0.7961960422863761,-0.12115715024286135,-0.975884369025986,-1.0767980560780377,-0.3887083985366436,1.443345604753082,-0.09570919836282961,0.27740334286745055,5
0.29616600156551776,-1.14520976510369,0.7568748234313628,4.059239982754557,-0.40296591129698456,-0.8685245704867958,-1.0427891190225334,-0.08018989702655915,-0.1153102083991203,-0.17280533715454555,1.6495969778148416,7
-0.675285135178072,-0.6733345118543349,0.1815782159341021,-0.33377356371104905,0.06671535712655413,2.1375497886105297,0.9637381672522283,0.16429646266064948,0.8765616726977357,-0.9437667250717041,-0.9967764610122684,5
-0.675285135178072,-0.6733345118543349,0.1815782159341021,-0.33377356371104905,0.06671535712655413,2.1375497886105297,0.9637381672522283,0.16429646266064948,0.8765616726977357,-0.9437667250717041,-0.9967764610122684,5
0.05330321737962022,0.38838480795671493,0.12927852434344198,0.24425453450810958,1.2878866550277535,1.7081105944537687,2.5621582088609367,0.7522279466703733,-1.178030081002893,-1.097959002655136,-1.2908179542152813,5
-0.7967165272710207,-0.732318918510504,0.28617759911542234,1.4003107309464269,-0.9665834334052303,-0.6538049734084155,-0.4986461261344624,-1.488897017129115,-0.2570061914129569,-1.175055141446852,0.8654863292734766,7
2.3604996671456444,-0.4373968852296569,1.1752723561566434,-1.1430129012178714,-0.3090296576122768,-1.2979637646435567,-1.2808516784110644,0.10608542463988861,-1.3197260640167296,-0.09570919836282961,-0.01663815033556071,5
0.47831308970494013,-0.14247485194880982,0.1815782159341021,-0.5649848029987127,-0.7787109260358148,-0.7611647719476056,-0.9067533708005157,0.5950581440143059,0.02638577461471627,0.5210599119708971,0.08137568073210971,6
0.7211758738908377,1.98096378767329,-0.02762055042853807,-0.5649848029987127,-0.12115715024286135,-0.22436577925165468,-0.5326550631899668,0.2341497082855755,-0.46955016593371013,-0.17280533715454555,-0.4086934746062441,5
0.47831308970494013,-0.14247485194880982,0.1815782159341021,-0.5649848029987127,-0.7787109260358148,-0.7611647719476056,-0.9067533708005157,0.5950581440143059,0.02638577461471627,0.5210599119708971,0.08137568073210971,6
2.3604996671456444,-0.4373968852296569,1.1752723561566434,-1.1430129012178714,-0.3090296576122768,-1.2979637646435567,-1.2808516784110644,0.10608542463988861,-1.3197260640167296,-0.09570919836282961,-0.01663815033556071,5
-0.5538537430851231,0.32940040130054543,-1.3874125317856998,-0.44937918335488086,-0.8256790528781687,-0.8685245704867958,-1.1108069931335423,-0.639015862025967,0.9474096642046556,-0.4811898923214093,0.8654863292734766,6
0.9033229620302612,-1.0862253584475208,0.6522754402500428,-1.1430129012178714,-0.731742799193461,-1.2979637646435567,-1.24684274135556,-1.1745574118169801,-0.8946381149752198,-0.7124783086965563,0.9635001603411469,7
-0.7360008312245466,-0.968256545135182,0.1815782159341021,-0.9118016619302076,-0.07418902340050748,2.1375497886105297,0.8957202931412194,0.12354873604610395,0.8765616726977357,-1.097959002655136,-0.9967764610122684,5
-0.37170665494570027,-0.7913033251666736,-0.7598162326977791,-0.7961960422863761,0.7242691329195077,0.41979301198348645,-0.5666640002454713,-0.4410983327553542,-1.1071820894959732,-1.175055141446852,-0.9967764610122684,5
0.842607265983786,-1.3516551884002834,0.704575131840703,-1.0274072815740394,-0.40296591129698456,-0.11700598071246449,-0.7707176225784979,-0.6739424848383978,-1.2488780725098096,-1.02086286386342,0.4734310050027931,6
-0.37170665494570027,-0.7913033251666736,-0.7598162326977791,-0.7961960422863761,0.7242691329195077,0.41979301198348645,-0.5666640002454713,-0.4410983327553542,-1.1071820894959732,-1.175055141446852,-0.9967764610122684,5
-0.7360008312245466,-1.0862253584475208,0.07697883275278215,-0.44937918335488086,0.01974723028420026,1.7081105944537687,0.8277024190302106,0.12936983984821881,0.9474096642046556,-1.252151280238568,-0.9967764610122684,5
-1.1002950075033924,-0.732318918510504,-0.8644156158790992,-0.44937918335488086,-0.26206153076992295,1.6007507959145786,0.11351474086461742,-0.6855846924425629,0.3097777406423894,-1.252151280238568,-0.9967764610122684,6
-0.7360008312245466,-1.0862253584475208,0.07697883275278215,-0.44937918335488086,0.01974723028420026,1.7081105944537687,0.8277024190302106,0.12936983984821881,0.9474096642046556,-1.252151280238568,-0.9967764610122684,5
1.0247543541232094,-1.0272409517913514,0.9660735897940033,0.12864891486427774,0.4894284987077383,0.5271528105226766,1.5078811601402993,1.4332970915133532,-1.178030081002893,-1.637631974197147,-0.9967764610122684,5
-0.37170665494570027,0.4473692146128844,-1.0736143822417394,-0.44937918335488086,-0.12115715024286135,0.41979301198348645,-0.09053888146840919,0.14683315125443416,0.5223217151631458,-0.17280533715454555,-0.3106796435385737,6
-1.6467362719216616,0.8012756545499014,-1.3874125317856998,-0.2181679440672172,0.25458786449596893,-1.2979637646435567,-1.1108069931335423,-1.710098961608058,2.789457443384528,-0.09570919836282961,2.335693795288538,7
-1.6467362719216616,0.8012756545499014,-1.3874125317856998,-0.2181679440672172,0.25458786449596893,-1.2979637646435567,-1.1108069931335423,-1.710098961608058,2.789457443384528,-0.09570919836282961,2.335693795288538,7
0.3568816976119919,1.8629949743609509,0.39077698229674257,-1.1430129012178714,-1.4832328286711223,-1.1906039661043664,-1.1448159301890466,-0.6855846924425629,-1.3905740555236463,-1.252151280238568,-1.2908179542152813,6
-1.1610107035498665,0.9782288745184092,-1.3874125317856998,-0.853998852108292,-1.2483921944593532,-0.8685245704867958,-1.0767980560780377,-2.967457382856661,1.0891056472184921,-0.8666705862799882,2.4337076263562083,6
-0.49313804703864905,-0.5553656985419959,0.1815782159341021,-0.2181679440672172,-0.9196153065628765,-0.975884369025986,-1.0767980560780377,-1.029029816765078,0.8765616726977357,0.598156050762613,1.0615139914088174,7
0.9640386580767353,-1.0272409517913514,0.5999757486593827,-1.0274072815740394,-1.1074878139322917,1.7081105944537687,0.11351474086461742,0.024589971410797513,-0.39870217442679345,1.3691174386797715,0.17938951179978013,7
0.47831308970494013,-1.381147391728368,0.33847729070608246,-0.3915763735329652,-0.8726471797205225,-0.22436577925165468,-0.5666640002454713,-0.9067866369214413,-0.39870217442679345,1.5233097162632034,1.2575416535441581,7
-0.9181479193639694,-0.968256545135182,0.28617759911542234,-0.6805904226425442,-0.6847746723511071,-1.1906039661043664,-1.2128338043000555,-2.2805671342115663,0.3097777406423894,-0.7124783086965563,2.335693795288538,7
-0.0681281747133291,-0.5553656985419959,0.12927852434344198,-0.9118016619302076,-0.027220896558153608,1.2786714002970079,0.04549686675360855,-0.4003506061408087,-0.46955016593371013,-0.7895744474882722,-0.11465198140323113,5
-0.9181479193639694,-0.968256545135182,0.28617759911542234,-0.6805904226425442,-0.6847746723511071,-1.1906039661043664,-1.2128338043000555,-2.2805671342115663,0.3097777406423894,-0.7124783086965563,2.335693795288538,7
0.47831308970494013,-1.381147391728368,0.33847729070608246,-0.3915763735329652,-0.8726471797205225,-0.22436577925165468,-0.5666640002454713,-0.9067866369214413,-0.39870217442679345,1.5233097162632034,1.2575416535441581,7
0.47831308970494013,-1.3221629850721985,0.39077698229674257,-0.44937918335488086,-0.8256790528781687,-0.3317255777908449,-0.6346818743564802,-0.9067866369214413,-0.39870217442679345,1.5233097162632034,1.2575416535441581,7
0.3568816976119919,-1.0272409517913514,0.704575131840703,1.4003107309464269,1.3348547818701073,-0.3317255777908449,-0.6686908114119846,-0.7146902114529433,-0.6112461489475467,0.4439637731791811,1.5515831467471712,7
0.7818915699373118,-0.14247485194880982,0.49537636547806246,0.4754657737957727,1.6166635429242304,1.1713116017578178,0.3855862373086529,0.2923607463063364,-0.9654861064821366,0.2897714955957501,0.4734310050027931,5
0.3568816976119919,-1.4401317983845372,0.9660735897940033,-0.7961960422863761,-0.6847746723511071,-0.8685245704867958,-1.0767980560780377,-1.84980545285791,-0.46955016593371013,-0.7124783086965563,1.845624639950184,7
0.3568816976119919,-1.2041941717598597,0.2338779075247622,-0.44937918335488086,0.30155599133832284,-0.3317255777908449,-0.8387354966895068,-0.5924470316093067,-1.0363340979890565,-0.7124783086965563,-0.01663815033556071,6
-0.37170665494570027,2.836237684187746,-0.6029171579257989,-0.33377356371104905,0.9591097671312763,-0.439085376330035,-0.3966193149679491,-0.3945295023386938,-0.6112461489475467,-1.252151280238568,-0.4086934746062441,5
-0.49313804703864905,1.0961976878307482,-1.3874125317856998,-0.9118016619302076,0.4894284987077383,0.741872407601057,-0.43062825202345356,-0.21407528447436092,0.45147372365622596,-0.4811898923214093,-0.4086934746062441,6
-0.18955956680627734,0.32940040130054543,-0.5506174663351387,-0.44937918335488086,1.8045360502936452,-1.2979637646435567,-1.24684274135556,-1.2676950726502363,-0.6820941404544635,-0.4811898923214093,0.7674724982058044,6
1.3283328343555811,-0.7913033251666736,1.0183732813846633,-0.2181679440672172,-0.3090296576122768,-0.11700598071246449,-0.5666640002454713,-0.42945612515118914,-1.815662004565156,1.5233097162632034,0.9635001603411469,6
0.3568816976119919,-0.850287731822843,0.704575131840703,-0.2181679440672172,-0.6378065455087533,-0.3317255777908449,-0.5326550631899668,-1.0814197509837886,-0.32785418291987356,0.8294444671377608,2.1396661331531956,7
-0.7967165272710207,-0.14247485194880982,-0.6552168495164589,-0.6805904226425442,-0.1681252770852152,-0.5464451748692253,-0.7026997484674891,-0.20825418067224605,1.5141935962599986,-0.2499014759462615,-0.01663815033556071,5
1.8140584027273763,-0.968256545135182,2.0643671131978647,0.013043295220445918,1.945440430820707,-1.2979637646435567,-1.2128338043000555,-0.17332755785981535,-0.8237901234683,-0.8666705862799882,1.4535693156795009,6
1.8140584027273763,-0.968256545135182,2.0643671131978647,0.013043295220445918,1.945440430820707,-1.2979637646435567,-1.2128338043000555,-0.17332755785981535,-0.8237901234683,-0.8666705862799882,1.4535693156795009,6
-0.7967165272710207,-0.08349044529264033,-0.9167153074697593,-0.33377356371104905,-0.9196153065628765,-1.1906039661043664,-1.1788248672445512,-0.5109515783802803,0.23892974913547269,-0.7895744474882722,0.08137568073210971,5
-0.0681281747133291,-1.2041941717598597,0.8091745150220229,-0.1025623244233859,0.7712372597618615,-1.2979637646435567,-1.1788248672445512,-0.9649976749422668,-0.32785418291987356,-0.7124783086965563,1.845624639950184,6
-0.37170665494570027,0.32940040130054543,-1.3351128401950398,-0.6805904226425442,0.30155599133832284,-0.3317255777908449,-0.8727444337450112,-0.6040892392134718,0.02638577461471627,-0.6353821699048403,0.08137568073210971,7
0.17473460947256847,1.8040105677047813,-1.3874125317856998,0.4754657737957727,0.6303328792347999,0.20507341490510608,-0.02252100735740032,0.8744711265140099,0.09723376612163613,-0.32699761473797745,-0.01663815033556071,6
-0.2502752628527515,-1.2631785784160292,0.28617759911542234,-0.5649848029987127,-0.731742799193461,-0.11700598071246449,-0.26058356674593136,-1.791594414837149,0.6640176981769824,-0.6353821699048403,2.1396661331531956,6
-1.1610107035498665,1.5975651444081889,-1.3874125317856998,-0.2181679440672172,-0.7787109260358148,1.3860311988361982,0.2835594261421396,-1.710098961608058,1.2308016302323286,-0.9437667250717041,1.1595278224764878,5
-0.675285135178072,-1.0862253584475208,-0.2891190083818385,0.12864891486427774,-0.3090296576122768,2.7817085798456707,0.8277024190302106,-0.4993093707761151,0.3806257321493093,-0.7895744474882722,-0.3106796435385737,6
-0.37170665494570027,0.32940040130054543,-1.3351128401950398,-0.6805904226425442,0.30155599133832284,-0.3317255777908449,-0.8727444337450112,-0.6040892392134718,0.02638577461471627,-0.6353821699048403,0.08137568073210971,7
-0.7360008312245466,0.38838480795671493,-1.3874125317856998,-0.33377356371104905,0.4424603718653844,-0.6538049734084155,-1.008780181967029,-1.0697775433796235,0.7348656896838991,-0.7124783086965563,1.0615139914088174,7
-0.6145694391315978,0.15244718133203763,-1.3351128401950398,-0.6805904226425442,0.5363966255500922,-0.6538049734084155,-0.9747712449115244,-0.9184288445256065,0.23892974913547269,-0.4811898923214093,0.5714448360704636,7
-0.12884387075980322,1.745026161048612,-1.3874125317856998,1.978338829165585,0.6303328792347999,-1.0832441675651763,-1.008780181967029,1.0607464481804576,0.3097777406423894,-0.8666705862799882,-0.8007487988769275,5
-0.49313804703864905,0.270415994644376,-0.9690149990604192,0.24425453450810958,0.3485241181806767,-0.11700598071246449,-0.5666640002454713,-0.4643827479636198,-0.1153102083991203,-0.40409375352969334,-0.01663815033556071,6
0.3568816976119919,1.3026431111273413,-0.4460180831538187,0.12864891486427774,-0.21509340392756907,-0.009646182173274296,0.14752367792012186,0.3913195109416428,-0.8237901234683,-1.3292474190302839,-0.7027349678092571,6
1.0854700501696835,-0.9092721384790126,0.39077698229674257,0.013043295220445918,0.16065161081126186,-1.0832441675651763,-0.9067533708005157,0.06533769802534306,-1.0363340979890565,0.058483079220602266,0.17938951179978013,7
-0.4324223509921749,-1.2631785784160292,0.39077698229674257,0.12864891486427774,0.01974723028420026,1.1713116017578178,-0.2945925038014358,-1.8381632452537449,-0.6820941404544635,-0.40409375352969334,2.041652302085525,7
-0.6145694391315978,2.2758858209541373,-0.8644156158790992,-0.6805904226425442,-0.3559977844546307,0.5271528105226766,0.41959517436415733,0.0013055562025319348,0.23892974913547269,-0.6353821699048403,-1.192804123147611,5
0.23545030551904259,-0.6733345118543349,0.7568748234313628,4.406056841686052,-0.1681252770852152,1.0639518032186277,-0.05652994441290476,-0.8252911836924148,-0.5403981574406269,0.9836367447211927,2.1396661331531956,7
0.3568816976119919,-0.14247485194880982,-0.2891190083818385,-0.2181679440672172,0.30155599133832284,0.6345126090618668,-0.15855675557941806,0.1177276322440537,0.09723376612163613,1.4462135774714875,0.669458667138134,6
-0.5538537430851231,2.600300057563069,-1.3874125317856998,-0.2181679440672172,0.30155599133832284,0.0977136163659159,-0.3966193149679491,0.49027827557694925,1.8684335537945918,0.21267535680403415,-0.2126658124709033,5
-0.8574322233174948,-0.2014592586049793,-0.3937183915631586,-0.7961960422863761,-0.12115715024286135,-0.22436577925165468,-0.6006729373009757,-0.7263324190571084,0.45147372365622596,-0.018613059571113668,-0.604721136741585,6
0.3568816976119919,-0.14247485194880982,-0.2891190083818385,-0.2181679440672172,0.30155599133832284,0.6345126090618668,-0.15855675557941806,0.1177276322440537,0.09723376612163613,1.4462135774714875,0.669458667138134,6
-1.1610107035498665,-0.7913033251666736,0.33847729070608246,1.0534938720149314,-1.6711053360405377,-0.3317255777908449,0.31756836319764403,-2.1990716809824753,0.3097777406423894,-0.17280533715454555,1.747610808882512,6
-0.8574322233174948,-0.4963812918858264,-1.3874125317856998,-1.1430129012178714,-0.5438702918240454,1.815470392992959,-0.1925656926349225,-1.360832733483428,0.02638577461471627,-0.4811898923214093,0.9635001603411469,6
-0.4324223509921749,1.5090885344239346,-1.3874125317856998,-0.7961960422863761,-0.26206153076992295,1.922830191532149,0.04549686675360855,-0.347960671922098,-0.044462216892200444,-0.17280533715454555,0.27740334286745055,6
-0.7360008312245466,-0.5553656985419959,-0.49831777474447864,-0.6805904226425442,0.01974723028420026,1.2786714002970079,0.24955048908663516,-0.21989638827641114,1.2308016302323286,-0.018613059571113668,-0.01663815033556071,5
0.5997444817978894,-0.2014592586049793,0.49537636547806246,-0.7961960422863761,-0.027220896558153608,-1.2979637646435567,-1.008780181967029,0.1759386702648146,-0.32785418291987356,1.0607328835129086,0.4734310050027931,6
0.5997444817978894,-0.14247485194880982,0.49537636547806246,-0.6805904226425442,0.113683483968908,-0.975884369025986,-0.9067533708005157,0.1875808778689797,-0.32785418291987356,0.9836367447211927,0.3754171739351227,6
-0.7360008312245466,-0.5553656985419959,-0.49831777474447864,-0.6805904226425442,0.01974723028420026,1.2786714002970079,0.24955048908663516,-0.21989638827641114,1.2308016302323286,-0.018613059571113668,-0.01663815033556071,5
-1.6467362719216616,0.4768614179409692,-1.1259140738323996,0.013043295220445918,-0.40296591129698456,0.41979301198348645,-0.6346818743564802,-2.4086314178572534,1.726737570780755,-0.7124783086965563,2.4337076263562083,5
-0.007412478666853906,-1.14520976510369,0.8091745150220229,-0.1025623244233859,-0.5438702918240454,-0.6538049734084155,-0.8047265596340023,-1.430685979108354,0.45147372365622596,0.9836367447211927,2.237679964220866,7
-0.0681281747133291,0.6833068412375624,0.024679141162122043,-0.44937918335488086,0.6303328792347999,-1.0832441675651763,1.1337828525297504,0.4378883413582386,-1.3197260640167296,-0.17280533715454555,-1.2908179542152813,6
-0.0681281747133291,0.6833068412375624,0.024679141162122043,-0.44937918335488086,0.6303328792347999,-1.0832441675651763,1.1337828525297504,0.4378883413582386,-1.3197260640167296,-0.17280533715454555,-1.2908179542152813,6
0.3568816976119919,-0.2604436652611488,1.3844711225192838,1.8627332095217537,0.9121416402889231,-1.2979637646435567,-1.1448159301890466,-0.4993093707761151,-0.7529421319613833,-0.40409375352969334,1.6495969778148416,7
-0.4324223509921749,-0.6143501051981654,-0.07992024201919819,1.7471275898779217,1.053046020815984,1.3860311988361982,1.5758990342513082,0.6532691820350668,-1.178030081002893,-0.5582860311131252,-1.2908179542152813,5
0.9640386580767353,0.03447836801969866,1.5936698888819236,0.013043295220445918,0.5363966255500922,1.6007507959145786,0.2835594261421396,0.2225075006814104,-0.8946381149752198,0.9065406059294767,1.1595278224764878,7
0.3568816976119919,-0.2604436652611488,1.3844711225192838,1.8627332095217537,0.9121416402889231,-1.2979637646435567,-1.1448159301890466,-0.4993093707761151,-0.7529421319613833,-0.40409375352969334,1.6495969778148416,7
1.9962054908667985,-1.7350538316653847,1.5936698888819236,-0.6805904226425442,-0.3559977844546307,-1.2979637646435567,-1.2128338043000555,0.8046178808890839,-1.2488780725098096,0.4439637731791811,-0.5067073056739145,6
0.47831308970494013,-0.732318918510504,1.2275720477473036,-0.6805904226425442,-0.49690216498169226,-0.8685245704867958,-0.94076230785602,-1.2211262422336406,-0.7529421319613833,0.36686763438746517,2.041652302085525,8
-0.18955956680627734,-0.850287731822843,0.9137738982033431,-0.5649848029987127,0.7712372597618615,-0.975884369025986,-0.9747712449115244,-0.6506580696300676,-0.1153102083991203,-0.018613059571113668,0.9635001603411469,6
1.1461857462161575,-1.381147391728368,2.0120674216072048,0.013043295220445918,-0.3090296576122768,-0.975884369025986,-0.9067533708005157,-0.6215525506196872,-0.6820941404544635,-0.09570919836282961,1.3555554846118303,6
-0.0681281747133291,1.2731509077992567,-0.9167153074697593,-0.44937918335488086,-0.6847746723511071,-1.0832441675651763,-1.1448159301890466,-1.4772548095250144,-0.2570061914129569,-0.5582860311131252,1.3555554846118303,6
-0.37170665494570027,0.5063536212690539,-0.4460180831538187,0.013043295220445918,0.06671535712655413,-0.975884369025986,-0.8047265596340023,-0.24318080348474136,-0.18615819990603702,-0.32699761473797745,-0.2126658124709033,6
-1.0395793114569183,-0.024506038636470828,-0.9690149990604192,0.013043295220445918,-0.5438702918240454,-0.22436577925165468,-0.6006729373009757,-1.8265210376495797,0.5931697066700625,0.598156050762613,2.041652302085525,7
1.6926270106344268,-1.2631785784160292,1.3844711225192838,-0.2181679440672172,-1.0135515602475842,-1.2979637646435567,-1.1448159301890466,-0.5808048240051416,-2.0990539705928293,1.4462135774714875,0.4734310050027931,7
1.6926270106344268,-1.2631785784160292,1.3844711225192838,-0.2181679440672172,-1.0135515602475842,-1.2979637646435567,-1.1448159301890466,-0.5808048240051416,-2.0990539705928293,1.4462135774714875,0.4734310050027931,7
-0.18955956680627734,0.5653380279252235,0.44307667388740235,0.4754657737957727,0.20761973765361508,1.3860311988361982,0.2835594261421396,0.16429646266064948,-0.044462216892200444,-0.17280533715454555,0.3754171739351227,5
0.5997444817978894,-1.14520976510369,0.9660735897940033,-1.0274072815740394,-1.1544559407746455,0.41979301198348645,-0.22657462969042694,-1.0115665053588627,-0.9654861064821366,1.908790410221783,0.669458667138134,7
-0.675285135178072,-1.0272409517913514,-0.02762055042853807,-0.6805904226425442,0.06671535712655413,1.922830191532149,1.0657649784187415,0.04787438661912772,0.5931697066700625,-0.4811898923214093,-0.898762629944598,6
-0.18955956680627734,0.5653380279252235,0.33847729070608246,0.3598601541519414,0.30155599133832284,0.0977136163659159,-0.22657462969042694,0.2807185387021713,-0.044462216892200444,-0.4811898923214093,0.27740334286745055,6
0.47831308970494013,-1.6170850183530459,0.39077698229674257,-0.44937918335488086,-0.49690216498169226,3.2111477740024315,0.7936934819747061,0.5659526250039255,0.8765616726977357,1.6775019938466353,-0.2126658124709033,7
0.9640386580767353,-1.2041941717598597,1.5413701972912641,-0.44937918335488086,-0.40296591129698456,-1.2979637646435567,-1.2128338043000555,-0.8020067684840847,-1.178030081002893,0.675252189554329,0.9635001603411469,6
0.17473460947256847,-0.9092721384790126,2.0120674216072048,4.637268080973715,-0.07418902340050748,-1.2979637646435567,-1.2128338043000555,0.8453656075036294,-0.32785418291987356,-0.4811898923214093,0.5714448360704636,5
0.17473460947256847,-0.9092721384790126,2.0120674216072048,4.637268080973715,-0.07418902340050748,-1.2979637646435567,-1.2128338043000555,0.8453656075036294,-0.32785418291987356,-0.4811898923214093,0.5714448360704636,5
1.2069014422626327,-1.4991162050407068,1.5413701972912641,-1.1430129012178714,-1.6241372091981838,-1.2979637646435567,-1.2128338043000555,-1.16873630801493,-1.1071820894959732,-1.02086286386342,1.3555554846118303,6
-0.675285135178072,-0.850287731822843,0.1815782159341021,-0.6805904226425442,-0.40296591129698456,1.7081105944537687,0.8957202931412194,0.07697990562950817,0.7348656896838991,-0.40409375352969334,-0.898762629944598,6
0.23545030551904259,-0.6143501051981654,0.9660735897940033,0.013043295220445918,-0.4499340381393384,1.815470392992959,0.5216219855306706,-0.31885515291171757,0.09723376612163613,0.9836367447211927,1.5515831467471712,6
-0.675285135178072,-0.850287731822843,0.1815782159341021,-0.6805904226425442,-0.40296591129698456,1.7081105944537687,0.8957202931412194,0.07697990562950817,0.7348656896838991,-0.40409375352969334,-0.898762629944598,6
-0.9181479193639694,-0.2604436652611488,-0.9690149990604192,-0.6805904226425442,-0.3559977844546307,2.6743487813064806,0.6916666708081928,-0.8311122874944651,-1.3905740555236463,-1.175055141446852,-0.8007487988769275,5
0.11401891342609434,-1.0862253584475208,0.704575131840703,2.671972547028576,-1.2483921944593532,-1.2979637646435567,-1.1788248672445512,0.3854984071395926,0.45147372365622596,0.1355792180123182,1.1595278224764878,7
-0.2502752628527515,-1.9709914582900623,0.8091745150220229,-0.9118016619302076,-1.1544559407746455,0.31243321344429625,-0.46463718907895796,-1.582034677962371,-0.18615819990603702,0.36686763438746517,0.7674724982058044,6
1.9962054908667985,-0.6733345118543349,1.436770814109944,-1.0274072815740394,0.6303328792347999,0.741872407601057,-0.09053888146840919,0.3680350957333126,-2.0990539705928293,0.9065406059294767,-0.5067073056739145,7
1.9962054908667985,-0.6733345118543349,1.436770814109944,-1.0274072815740394,0.6303328792347999,0.741872407601057,-0.09053888146840919,0.3680350957333126,-2.0990539705928293,0.9065406059294767,-0.5067073056739145,7
1.0247543541232094,-1.5581006116968763,1.436770814109944,-0.5649848029987127,0.06671535712655413,2.8890683783848607,1.0317560413632372,-1.2851583840564518,-2.382445936620502,-0.09570919836282961,1.3555554846118303,8
-0.2502752628527515,-1.0862253584475208,0.8091745150220229,-0.44937918335488086,0.20761973765361508,-0.7611647719476056,-0.8387354966895068,-0.7321535228591587,0.23892974913547269,-0.32699761473797745,0.9635001603411469,6
-0.7967165272710207,0.09346277467586815,-0.9167153074697593,-0.44937918335488086,-0.027220896558153608,-0.5464451748692253,-0.94076230785602,-1.1221674775983341,0.805713681190819,-0.40409375352969334,1.0615139914088174,6
0.5390287857514142,-1.2631785784160292,0.49537636547806246,-0.2181679440672172,-0.12115715024286135,-0.439085376330035,-0.43062825202345356,-0.3304973605158827,0.09723376612163613,1.6775019938466353,1.5515831467471712,7
-1.0395793114569183,1.1846742978150024,-0.9167153074697593,3.5968175041792296,1.6636316697665843,-0.6538049734084155,-0.9067533708005157,-0.0976532084327745,0.23892974913547269,-1.175055141446852,0.3754171739351227,6
0.6604601778443636,-0.732318918510504,1.070672972975323,0.12864891486427774,0.25458786449596893,-0.975884369025986,-0.8047265596340023,0.5834159364102054,-1.178030081002893,-1.097959002655136,0.08137568073210971,5
-1.0395793114569183,1.1846742978150024,-0.9167153074697593,3.5968175041792296,1.6636316697665843,-0.6538049734084155,-0.9067533708005157,-0.0976532084327745,0.23892974913547269,-1.175055141446852,0.3754171739351227,6
0.17473460947256847,-0.024506038636470828,0.5999757486593827,-1.0274072815740394,0.6773010060771537,-1.0832441675651763,-0.8727444337450112,-0.033621066609963376,-0.8237901234683,-0.9437667250717041,-0.9967764610122684,5
-0.18955956680627734,-1.2631785784160292,0.9660735897940033,-0.33377356371104905,6.313476227159613,-1.0832441675651763,-0.94076230785602,-1.8265210376495797,-1.178030081002893,1.2920212998880565,2.041652302085525,7
0.17473460947256847,-0.024506038636470828,0.5999757486593827,-1.0274072815740394,0.6773010060771537,-1.0832441675651763,-0.8727444337450112,-0.033621066609963376,-0.8237901234683,-0.9437667250717041,-0.9967764610122684,5
0.05330321737962022,-1.0862253584475208,0.8091745150220229,-0.33377356371104905,-0.4499340381393384,0.8492322061402472,-0.26058356674593136,-1.6286035083789667,-1.461422047030566,1.0607328835129086,1.9436384710178547,6
-0.5538537430851231,-0.2014592586049793,0.024679141162122043,-0.33377356371104905,-0.49690216498169226,-0.11700598071246449,-0.6346818743564802,-1.651887923587297,0.23892974913547269,-0.09570919836282961,1.5515831467471712,6
-1.34315779168929,-0.2604436652611488,-0.9167153074697593,-0.7961960422863761,-0.1681252770852152,0.31243321344429625,-0.46463718907895796,-1.570392470358206,0.9474096642046556,-0.7895744474882722,0.7674724982058044,6
-0.5538537430851231,-0.2014592586049793,0.024679141162122043,-0.33377356371104905,-0.49690216498169226,-0.11700598071246449,-0.6346818743564802,-1.651887923587297,0.23892974913547269,-0.09570919836282961,1.5515831467471712,6
-0.18955956680627734,-0.2604436652611488,0.39077698229674257,-0.2181679440672172,-0.40296591129698456,0.0977136163659159,-0.6346818743564802,-1.8148788300454146,-0.2570061914129569,0.1355792180123182,1.9436384710178547,6
-1.2217263995963412,0.270415994644376,0.07697883275278215,-0.33377356371104905,-1.57716908235583,-0.22436577925165468,0.18153261497562628,-1.7333833768163882,0.6640176981769824,-0.32699761473797745,2.335693795288538,5
-0.0681281747133291,-1.7350538316653847,0.8091745150220229,-0.5649848029987127,-0.5908384186663994,-0.6538049734084155,-0.9067533708005157,-1.721741169212223,-0.7529421319613833,-0.7895744474882722,1.845624639950184,6
0.47831308970494013,-1.3221629850721985,0.7568748234313628,-0.44937918335488086,-0.6378065455087533,-0.5464451748692253,-0.6686908114119846,-0.8660389103069605,-0.32785418291987356,1.6004058550549194,1.2575416535441581,7
-0.12884387075980322,1.5090885344239346,-0.8644156158790992,1.0534938720149314,0.39549224502303054,-1.1906039661043664,-1.0427891190225334,1.0665675519825726,0.3097777406423894,-1.175055141446852,-0.898762629944598,5
1.5104799224950045,-0.31942807191731826,0.861474206612683,-0.33377356371104905,4.199910519253692,1.2786714002970079,0.7596845449192017,0.8628289189098448,-1.0363340979890565,0.9065406059294767,0.3754171739351227,6
-0.007412478666853906,0.03447836801969866,-1.3874125317856998,-1.1430129012178714,-0.5438702918240454,-0.975884369025986,-1.008780181967029,-0.4585616441615696,-0.46955016593371013,-0.018613059571113668,-0.4086934746062441,6
-0.2502752628527515,-1.14520976510369,0.7568748234313628,-1.0274072815740394,-1.2014240676169994,-0.975884369025986,-0.2945925038014358,-1.6053190931707013,-0.18615819990603702,0.5210599119708971,0.5714448360704636,6
0.3568816976119919,-1.6760694250092152,0.6522754402500428,-0.9118016619302076,-0.3559977844546307,-1.2979637646435567,-1.1448159301890466,0.1526542550564844,-1.3905740555236463,-0.40409375352969334,-0.898762629944598,6
-0.7967165272710207,0.9782288745184092,-1.0213146906510793,0.12864891486427774,0.4424603718653844,-0.009646182173274296,-0.7707176225784979,-0.5808048240051416,0.45147372365622596,-0.32699761473797745,0.8654863292734766,6
-0.7967165272710207,0.9782288745184092,-1.0213146906510793,0.12864891486427774,0.4424603718653844,-0.009646182173274296,-0.7707176225784979,-0.5808048240051416,0.45147372365622596,-0.32699761473797745,0.8654863292734766,6
-0.7967165272710207,0.9782288745184092,-1.0213146906510793,0.12864891486427774,0.4424603718653844,-0.009646182173274296,-0.7707176225784979,-0.5808048240051416,0.45147372365622596,-0.32699761473797745,0.8654863292734766,6
-0.7360008312245466,-0.7913033251666736,-0.7598162326977791,-0.33377356371104905,-0.7787109260358148,-0.11700598071246449,-0.6686908114119846,-2.4435580406697484,-0.1153102083991203,-0.8666705862799882,2.825762950626892,6
-1.6467362719216616,0.8012756545499014,-1.3874125317856998,0.12864891486427774,-0.731742799193461,-0.8685245704867958,-0.9747712449115244,-2.420273625461418,1.443345604753082,-0.4811898923214093,2.4337076263562083,5
-0.2502752628527515,0.09346277467586815,0.39077698229674257,0.12864891486427774,-0.26206153076992295,-0.7611647719476056,-0.9067533708005157,-2.542516805305055,-0.8237901234683,0.598156050762613,2.6297352884915495,8
-1.0395793114569183,-0.14247485194880982,-1.3874125317856998,-0.6805904226425442,-0.9196153065628765,0.6345126090618668,-0.5326550631899668,-1.861447660462075,0.8765616726977357,-0.7124783086965563,1.845624639950184,6
-1.2217263995963412,-0.31942807191731826,-1.3874125317856998,-1.1430129012178714,-1.2483921944593532,1.2786714002970079,-0.36261037791244466,-2.6298333623361962,0.9474096642046556,-1.252151280238568,1.845624639950184,6
1.4497642264485293,-0.732318918510504,0.5476760570687226,-0.5649848029987127,-0.027220896558153608,0.20507341490510608,-0.4986461261344624,0.012947763806632411,-1.3905740555236463,0.058483079220602266,0.7674724982058044,6
-1.1002950075033924,0.32940040130054543,-1.3874125317856998,-0.2181679440672172,0.6773010060771537,-1.2979637646435567,-1.0427891190225334,-0.6681213810363476,2.151825519822265,-0.17280533715454555,1.0615139914088174,4
0.29616600156551776,-1.6760694250092152,0.44307667388740235,-0.7961960422863761,-1.2483921944593532,-0.22436577925165468,-0.5666640002454713,-1.6169613007748018,-1.2488780725098096,-0.40409375352969334,0.8654863292734766,7
-1.5253048798287128,-1.381147391728368,-0.02762055042853807,-0.7961960422863761,-0.8726471797205225,-1.2979637646435567,-1.1108069931335423,-3.0373106284815226,0.5223217151631458,-0.7895744474882722,3.0217906127622327,6
-1.2217263995963412,1.3911197211115955,-1.3874125317856998,0.5910713934396046,-0.4499340381393384,1.1713116017578178,0.2835594261421396,-1.7042778578060076,1.3724976132461622,-0.32699761473797745,1.0615139914088174,6
1.0247543541232094,-0.5553656985419959,0.33847729070608246,0.3598601541519414,0.6303328792347999,1.3860311988361982,1.5418900971958036,0.9792509949513666,-0.6820941404544635,0.2897714955957501,-0.4086934746062441,5
1.3283328343555811,-0.5553656985419959,0.44307667388740235,1.0534938720149314,0.4894284987077383,0.9565920046794374,0.8957202931412194,0.7347646352641579,-0.7529421319613833,0.36686763438746517,0.08137568073210971,6
0.47831308970494013,0.4473692146128844,-1.3874125317856998,-0.5649848029987127,-1.1074878139322917,-1.0832441675651763,-1.1448159301890466,0.5717737288060404,-0.9654861064821366,-0.09570919836282961,-0.01663815033556071,6
-0.5538537430851231,-0.968256545135182,0.39077698229674257,-0.6805904226425442,-0.3090296576122768,0.31243321344429625,-0.1925656926349225,-1.989511944107762,0.45147372365622596,1.8316942714300672,3.1198044438299033,7
-0.675285135178072,-0.2604436652611488,-1.0213146906510793,3.5968175041792296,0.3485241181806767,-0.5464451748692253,-0.8727444337450112,0.0711588018273933,0.3806257321493093,0.2897714955957501,0.7674724982058044,7
0.11401891342609434,-1.4401317983845372,0.44307667388740235,-0.7961960422863761,-0.9665834334052303,-0.975884369025986,-0.9747712449115244,-0.8602178065048456,-0.1153102083991203,0.7523483283460448,1.3555554846118303,7
-0.18955956680627734,-1.6170850183530459,0.861474206612683,-0.7961960422863761,-0.6847746723511071,0.741872407601057,0.2155415520311307,-1.2327684498377411,0.45147372365622596,-0.32699761473797745,1.4535693156795009,6
1.267617138309107,-0.024506038636470828,0.9660735897940033,-0.44937918335488086,-0.07418902340050748,-0.975884369025986,-1.0427891190225334,0.5950581440143059,-0.6820941404544635,0.9065406059294767,0.9635001603411469,6
1.267617138309107,-0.024506038636470828,0.9660735897940033,-0.44937918335488086,-0.07418902340050748,-0.975884369025986,-1.0427891190225334,0.5950581440143059,-0.6820941404544635,0.9065406059294767,0.9635001603411469,6
-0.49313804703864905,-0.6733345118543349,-0.6029171579257989,1.5159163505902586,1.053046020815984,1.4933909973753883,1.7119347824733258,0.6649113896392319,-1.2488780725098096,-0.4811898923214093,-1.2908179542152813,5
-0.0681281747133291,-0.08349044529264033,-0.1322199336098583,-0.44937918335488086,-0.12115715024286135,0.0977136163659159,1.4398632860292904,0.536847105993545,0.16808175762855285,-0.018613059571113668,-0.898762629944598,6
-0.6145694391315978,-0.732318918510504,0.1815782159341021,-0.7961960422863761,-0.07418902340050748,1.922830191532149,1.2018007266407593,0.10608542463988861,0.6640176981769824,0.058483079220602266,-0.898762629944598,6
-0.0681281747133291,-0.850287731822843,0.28617759911542234,0.12864891486427774,-0.07418902340050748,0.9565920046794374,0.9297292301967238,-0.27810742629717206,-0.32785418291987356,1.6004058550549194,0.5714448360704636,6
-0.8574322233174948,-0.4373968852296569,-0.8121159242884392,0.013043295220445918,-1.8120097165675992,-0.975884369025986,-1.0767980560780377,-1.84980545285791,-0.1153102083991203,0.058483079220602266,0.9635001603411469,6
-0.7967165272710207,-1.7940382383215543,0.1815782159341021,-0.6805904226425442,-0.7787109260358148,0.0977136163659159,-0.8047265596340023,0.0013055562025319348,2.080977528315345,1.3691174386797715,-0.4086934746062441,6
-0.6145694391315978,-1.2041941717598597,-0.18451962520051826,-0.1025623244233859,-0.731742799193461,2.1375497886105297,0.8957202931412194,-0.48766716317195,0.805713681190819,-0.17280533715454555,-0.3106796435385737,5
-0.0681281747133291,-1.912007051633893,0.861474206612683,0.12864891486427774,-0.26206153076992295,1.7081105944537687,0.24955048908663516,0.0013055562025319348,1.5141935962599986,1.2920212998880565,-0.01663815033556071,6
-0.3109909588992261,-0.14247485194880982,-0.7598162326977791,-0.6805904226425442,4.528687407150167,-0.975884369025986,-0.7707176225784979,-0.417813917547024,-0.2570061914129569,1.7545981326383513,-0.604721136741585,6
1.0247543541232094,-0.6733345118543349,0.9660735897940033,4.406056841686052,-0.49690216498169226,-0.975884369025986,-1.008780181967029,0.1759386702648146,-0.7529421319613833,-1.175055141446852,1.3555554846118303,7
-0.3109909588992261,-0.7913033251666736,0.8091745150220229,-0.44937918335488086,0.20761973765361508,-0.6538049734084155,-0.7707176225784979,-0.8485755989006805,0.5223217151631458,0.1355792180123182,1.1595278224764878,6
1.0247543541232094,-1.0272409517913514,1.070672972975323,-0.44937918335488086,-0.9665834334052303,-0.975884369025986,-1.1108069931335423,-0.5051304745781654,-0.6112461489475467,-0.9437667250717041,1.5515831467471712,6
-0.0681281747133291,-1.14520976510369,0.28617759911542234,0.4754657737957727,-0.6847746723511071,-1.1906039661043664,-1.0767980560780377,-1.1570941004107649,-0.1153102083991203,0.9065406059294767,2.335693795288538,7
-1.34315779168929,0.32940040130054543,-0.18451962520051826,0.12864891486427774,-1.7650415897252454,0.0977136163659159,0.8957202931412194,-1.861447660462075,1.0182576557115723,0.058483079220602266,2.041652302085525,6
-0.007412478666853906,0.4473692146128844,-0.07992024201919819,-0.2181679440672172,1.7105997966089375,-0.6538049734084155,-0.1925656926349225,-0.3246762567137678,-1.178030081002893,-0.8666705862799882,-0.604721136741585,5
0.7818915699373118,-0.6143501051981654,0.44307667388740235,-0.33377356371104905,0.06671535712655413,0.20507341490510608,-0.1925656926349225,-0.2897496339013371,-0.6112461489475467,0.1355792180123182,0.669458667138134,6
-0.007412478666853906,0.4473692146128844,-0.07992024201919819,-0.2181679440672172,1.7105997966089375,-0.6538049734084155,-0.1925656926349225,-0.3246762567137678,-1.178030081002893,-0.8666705862799882,-0.604721136741585,5
0.11401891342609434,-2.029975864946232,1.2798717393379635,-0.7383932324644602,-0.49690216498169226,3.2111477740024315,1.5078811601402993,-0.8602178065048456,0.09723376612163613,0.9065406059294767,1.3555554846118303,7
-1.9503147521540334,-0.08349044529264033,-0.4460180831538187,-0.33377356371104905,-1.8589778434099529,0.0977136163659159,1.9499973418618568,-2.5134112862946747,1.0182576557115723,1.7545981326383513,2.4337076263562083,7
-0.9788636154104436,-0.6733345118543349,0.861474206612683,0.4754657737957727,-0.26206153076992295,0.741872407601057,0.3515773002531485,-0.5808048240051416,0.7348656896838991,3.990386157598111,0.17938951179978013,6
1.1461857462161575,-0.6733345118543349,0.861474206612683,-0.2181679440672172,1.3348547818701073,-0.439085376330035,-0.22657462969042694,0.32728736911883166,-1.1071820894959732,0.21267535680403415,0.3754171739351227,5
1.3890485304020552,-0.968256545135182,1.5936698888819236,-0.1025623244233859,0.25458786449596893,-0.975884369025986,-0.8047265596340023,0.024589971410797513,-1.2488780725098096,0.598156050762613,0.669458667138134,7
0.29616600156551776,-0.4373968852296569,0.861474206612683,-1.1430129012178714,-0.26206153076992295,-0.3317255777908449,-0.7707176225784979,-0.7030480038487782,-0.7529421319613833,0.8294444671377608,-0.2126658124709033,6
0.11401891342609434,-1.2041941717598597,0.8091745150220229,-0.1025623244233859,-0.3090296576122768,-0.3317255777908449,-0.8387354966895068,-1.3841171486917583,-1.2488780725098096,0.5210599119708971,1.3555554846118303,7
0.41759739365846604,1.5385807377520193,-0.1322199336098583,-0.7961960422863761,-0.1681252770852152,-0.5464451748692253,-0.7707176225784979,0.1177276322440537,-0.18615819990603702,0.21267535680403415,-0.4086934746062441,5
0.41759739365846604,1.5385807377520193,-0.1322199336098583,-0.7961960422863761,-0.1681252770852152,-0.5464451748692253,-0.7707176225784979,0.1177276322440537,-0.18615819990603702,0.21267535680403415,-0.4086934746062441,5
0.9640386580767353,0.09346277467586815,-0.02762055042853807,-0.44937918335488086,1.3818229087124612,-0.8685245704867958,0.5556309225861751,0.21668639687936014,-2.6658379026481756,2.6026556593472256,-0.2126658124709033,5
-0.0681281747133291,-1.14520976510369,0.6522754402500428,0.12864891486427774,-0.3559977844546307,1.4933909973753883,0.14752367792012186,-0.8369333912965153,0.02638577461471627,1.8316942714300672,1.9436384710178547,7
-1.1002950075033924,-1.0862253584475208,0.024679141162122043,0.4754657737957727,-0.6847746723511071,-0.7611647719476056,0.011487929698104114,-1.6751723387956272,-0.7529421319613833,-0.6353821699048403,1.5515831467471712,6
-0.4324223509921749,-0.14247485194880982,0.12927852434344198,-0.1025623244233859,0.20761973765361508,-1.0832441675651763,-1.008780181967029,-0.9882820901505325,0.02638577461471627,-0.17280533715454555,1.0615139914088174,6
0.5390287857514142,-0.968256545135182,0.39077698229674257,-0.9118016619302076,-0.9196153065628765,-1.0832441675651763,-1.0767980560780377,-0.027799962807913137,-0.8237901234683,0.21267535680403415,0.08137568073210971,6
-0.7360008312245466,0.38838480795671493,-1.3874125317856998,-0.2181679440672172,-0.1681252770852152,1.1713116017578178,0.011487929698104114,-0.8718600141090106,0.7348656896838991,0.2897714955957501,0.3754171739351227,6
0.842607265983786,-0.6143501051981654,1.0183732813846633,-0.33377356371104905,-0.3559977844546307,-1.0832441675651763,-0.94076230785602,-0.1325798312452698,-0.32785418291987356,0.7523483283460448,0.669458667138134,6
-0.4324223509921749,-0.968256545135182,0.2338779075247622,-0.7961960422863761,-0.12115715024286135,1.1713116017578178,0.7256756078636972,0.2574341234939057,1.0182576557115723,-0.17280533715454555,-0.898762629944598,6
-0.4324223509921749,-0.968256545135182,0.2338779075247622,-0.7961960422863761,-0.12115715024286135,1.1713116017578178,0.7256756078636972,0.2574341234939057,1.0182576557115723,-0.17280533715454555,-0.898762629944598,6
-1.1002950075033924,2.098932600985629,-1.2305134570137197,3.712423123823061,-0.12115715024286135,0.8492322061402472,0.11351474086461742,-0.5808048240051416,1.8684335537945918,-1.097959002655136,0.7674724982058044,4
-0.7360008312245466,0.8012756545499014,-1.3874125317856998,0.013043295220445918,-1.3892965749864148,-0.975884369025986,-1.1108069931335423,-2.059365189732688,0.23892974913547269,0.1355792180123182,2.237679964220866,7
-1.6467362719216616,2.305378024282222,-1.3874125317856998,-0.33377356371104905,-1.9059459702523067,0.20507341490510608,1.167791789585255,-1.8963742832745056,2.5769134688637747,0.675252189554329,0.9635001603411469,5
-0.0681281747133291,-1.0272409517913514,0.33847729070608246,0.013043295220445918,-0.26206153076992295,-0.439085376330035,0.11351474086461742,-0.42363502134907427,-0.32785418291987356,1.2920212998880565,0.5714448360704636,6
-0.0681281747133291,-1.0272409517913514,0.33847729070608246,0.013043295220445918,-0.26206153076992295,-0.439085376330035,0.11351474086461742,-0.42363502134907427,-0.32785418291987356,1.2920212998880565,0.5714448360704636,6
0.9033229620302612,-0.7913033251666736,0.861474206612683,-0.853998852108292,-0.6378065455087533,-1.0832441675651763,-1.1108069931335423,-1.1279885814003845,-0.8946381149752198,-1.4063435578219994,0.9635001603411469,5
1.1461857462161575,-0.732318918510504,0.704575131840703,0.12864891486427774,-0.6378065455087533,2.7817085798456707,0.3515773002531485,0.47863606797278413,0.45147372365622596,1.6775019938466353,0.08137568073210971,6
-0.9181479193639694,0.8012756545499014,-1.0213146906510793,-0.9118016619302076,-0.5438702918240454,0.0977136163659159,0.5896398596416795,-0.5808048240051416,-0.18615819990603702,-0.32699761473797745,-1.0947902920799388,5
-0.9788636154104436,0.6833068412375624,-0.18451962520051826,-0.33377356371104905,-0.07418902340050748,-0.439085376330035,2.5621582088609367,-0.7787223532757545,0.3097777406423894,0.4439637731791811,0.4734310050027931,5
-0.7967165272710207,-0.5553656985419959,0.1815782159341021,-0.44937918335488086,0.16065161081126186,-0.975884369025986,-0.15855675557941806,-1.8963742832745056,0.09723376612163613,-1.4063435578219994,1.4535693156795009,6
-0.7967165272710207,-0.5553656985419959,0.1815782159341021,-0.44937918335488086,0.16065161081126186,-0.975884369025986,-0.15855675557941806,-1.8963742832745056,0.09723376612163613,-1.4063435578219994,1.4535693156795009,6
-0.9788636154104436,0.6833068412375624,-0.18451962520051826,-0.33377356371104905,-0.07418902340050748,-0.439085376330035,2.5621582088609367,-0.7787223532757545,0.3097777406423894,0.4439637731791811,0.4734310050027931,5
0.29616600156551776,2.5413156509068995,-1.1259140738323996,-0.6805904226425442,-0.3090296576122768,-1.0832441675651763,-0.8387354966895068,-0.3246762567137678,-0.1153102083991203,-1.560535835405431,-0.8007487988769275,4
0.47831308970494013,-0.732318918510504,1.5936698888819236,2.5563669273847434,-0.07418902340050748,-0.975884369025986,-0.8047265596340023,-0.11511651983905447,-0.2570061914129569,-0.5582860311131252,2.041652302085525,6
-1.1002950075033924,2.1284248043137137,-1.3874125317856998,-0.1025623244233859,3.9650698850419217,-0.975884369025986,-1.0767980560780377,-0.7030480038487782,1.726737570780755,-1.02086286386342,0.3754171739351227,5
-0.675285135178072,-1.6170850183530459,0.5476760570687226,0.12864891486427774,-0.8726471797205225,-0.439085376330035,-0.09053888146840919,-1.3550116296813777,1.443345604753082,1.2149251610963405,1.9436384710178547,7
-1.1610107035498665,2.1284248043137137,-1.3874125317856998,-0.1025623244233859,3.9650698850419217,-0.975884369025986,-1.0767980560780377,-0.7030480038487782,1.726737570780755,-1.02086286386342,0.3754171739351227,5
-0.7967165272710207,1.3026431111273413,-0.7598162326977791,-0.6805904226425442,1.5227272892395227,-0.009646182173274296,0.6916666708081928,-0.48766716317195,-0.6820941404544635,-0.40409375352969334,-0.898762629944598,6
-1.2824420956428153,-0.5553656985419959,-0.23681931679117837,-0.6805904226425442,-0.1681252770852152,0.6345126090618668,0.41959517436415733,-0.2257174920784614,1.443345604753082,-0.32699761473797745,-0.898762629944598,6
-0.2502752628527515,0.32940040130054543,-0.18451962520051826,-0.1025623244233859,-0.26206153076992295,0.8492322061402472,1.7119347824733258,0.08280100943155841,-0.7529421319613833,-0.4811898923214093,-0.898762629944598,6
-0.37170665494570027,0.270415994644376,-0.2891190083818385,-1.0274072815740394,-0.5908384186663994,-1.1906039661043664,-1.1788248672445512,-1.2444106574419063,-1.1071820894959732,-0.7895744474882722,-0.604721136741585,6
-0.37170665494570027,-1.5581006116968763,-0.02762055042853807,-0.44937918335488086,-1.3892965749864148,0.41979301198348645,1.1337828525297504,-0.9417132597339366,-1.178030081002893,1.1378290223046246,0.4734310050027931,6
-0.2502752628527515,0.32940040130054543,-0.18451962520051826,-0.1025623244233859,-0.26206153076992295,0.8492322061402472,1.7119347824733258,0.08280100943155841,-0.7529421319613833,-0.4811898923214093,-0.898762629944598,6
-0.37170665494570027,0.270415994644376,-0.2891190083818385,-1.0274072815740394,-0.5908384186663994,-1.1906039661043664,-1.1788248672445512,-1.2444106574419063,-1.1071820894959732,-0.7895744474882722,-0.604721136741585,6
-0.2502752628527515,-1.0862253584475208,0.49537636547806246,-0.5649848029987127,-0.7787109260358148,-1.0832441675651763,-1.1448159301890466,-1.4714337057228994,-0.32785418291987356,-0.7895744474882722,0.7674724982058044,7
0.17473460947256847,-0.6143501051981654,0.6522754402500428,-0.6805904226425442,-0.6378065455087533,-0.975884369025986,-1.0767980560780377,-0.9067866369214413,0.23892974913547269,0.36686763438746517,1.2575416535441581,8
0.9640386580767353,1.2731509077992567,-0.3937183915631586,3.9436343631107245,1.3818229087124612,1.922830191532149,1.099773915474246,1.2004529394303096,-1.2488780725098096,-0.7124783086965563,-0.9967764610122684,5
-0.675285135178072,-0.968256545135182,1.0183732813846633,-0.33377356371104905,-0.3559977844546307,0.9565920046794374,0.011487929698104114,-0.8020067684840847,0.5931697066700625,1.6004058550549194,0.5714448360704636,7
-0.675285135178072,-0.968256545135182,1.0183732813846633,-0.33377356371104905,-0.3559977844546307,0.9565920046794374,0.011487929698104114,-0.8020067684840847,0.5931697066700625,1.6004058550549194,0.5714448360704636,7
-0.675285135178072,-0.968256545135182,1.0183732813846633,-0.33377356371104905,-0.3559977844546307,0.9565920046794374,0.011487929698104114,-0.8020067684840847,0.5931697066700625,1.6004058550549194,0.5714448360704636,7
0.9640386580767353,1.1551820944869178,1.489070505700604,-0.7961960422863761,2.556026079771307,0.9565920046794374,0.2835594261421396,0.46699386036861906,0.23892974913547269,2.294271104180362,-0.4086934746062441,5
-0.675285135178072,-0.968256545135182,1.0183732813846633,-0.33377356371104905,-0.3559977844546307,0.9565920046794374,0.011487929698104114,-0.8020067684840847,0.5931697066700625,1.6004058550549194,0.5714448360704636,7
-1.2824420956428153,-0.7913033251666736,0.861474206612683,-0.44937918335488086,-0.49690216498169226,-0.11700598071246449,-0.6686908114119846,-1.4190437715041888,0.9474096642046556,1.7545981326383513,0.7674724982058044,7
-0.9181479193639694,0.7422912478937319,-1.2828131486043797,-0.33377356371104905,-0.1681252770852152,-0.7611647719476056,-0.9747712449115244,-1.0115665053588627,0.23892974913547269,-0.17280533715454555,-0.01663815033556071,6
-1.0395793114569183,-0.4963812918858264,-0.6029171579257989,-0.33377356371104905,-0.26206153076992295,0.741872407601057,0.31756836319764403,-0.5924470316093067,0.02638577461471627,-0.17280533715454555,-1.0947902920799388,5
-0.9181479193639694,0.7422912478937319,-1.2828131486043797,-0.33377356371104905,-0.1681252770852152,-0.7611647719476056,-0.9747712449115244,-1.0115665053588627,0.23892974913547269,-0.17280533715454555,-0.01663815033556071,6
0.7818915699373118,-0.850287731822843,0.8091745150220229,-0.5649848029987127,-0.49690216498169226,-1.0832441675651763,-1.0427891190225334,-0.07436879322450893,-1.178030081002893,0.8294444671377608,0.08137568073210971,6
1.1461857462161575,-1.14520976510369,1.0183732813846633,-0.5649848029987127,-0.027220896558153608,-0.975884369025986,-1.1788248672445512,-0.2548230110888418,-1.5322700385374828,-1.252151280238568,-0.01663815033556071,6
0.29616600156551776,-1.4991162050407068,1.0183732813846633,-0.33377356371104905,0.6303328792347999,0.5271528105226766,-0.4986461261344624,-1.0697775433796235,-0.39870217442679345,-0.6353821699048403,0.8654863292734766,6
-0.2502752628527515,0.270415994644376,0.2338779075247622,-0.44937918335488086,-0.12115715024286135,-0.5464451748692253,1.2018007266407593,0.030411075212912378,-0.18615819990603702,0.36686763438746517,-0.898762629944598,6
-0.0681281747133291,-1.0862253584475208,0.5476760570687226,-0.5649848029987127,-1.1544559407746455,2.996428176924051,1.0317560413632372,-1.5354658475457752,-0.6112461489475467,1.2920212998880565,1.5515831467471712,6
-0.0681281747133291,-0.732318918510504,0.2338779075247622,-0.5649848029987127,0.01974723028420026,-0.7611647719476056,-0.6686908114119846,-0.417813917547024,-0.5403981574406269,0.36686763438746517,0.17938951179978013,6
0.41759739365846604,-0.7913033251666736,0.704575131840703,-1.258618520861703,-1.7650415897252454,1.0639518032186277,0.2155415520311307,-1.1279885814003845,-0.8237901234683,1.4462135774714875,0.4734310050027931,6
1.5711956185414786,-1.2041941717598597,1.3321714309286237,-0.6805904226425442,2.3681535724018916,0.20507341490510608,0.011487929698104114,0.36221399193126236,-0.2570061914129569,0.9836367447211927,1.0615139914088174,6
1.5711956185414786,-1.2041941717598597,1.3321714309286237,-0.6805904226425442,2.3681535724018916,0.20507341490510608,0.011487929698104114,0.36221399193126236,-0.2570061914129569,0.9836367447211927,1.0615139914088174,6
-0.12884387075980322,0.03447836801969866,-0.23681931679117837,-0.2181679440672172,-0.1681252770852152,1.922830191532149,1.5418900971958036,0.03623217901496262,-0.39870217442679345,-1.4063435578219994,-0.8007487988769275,6
1.3283328343555811,-0.968256545135182,1.070672972975323,-0.2181679440672172,-0.3559977844546307,-0.6538049734084155,-0.7026997484674891,-0.19661197306808093,-0.6112461489475467,0.9065406059294767,1.5515831467471712,6
2.603362451331542,-0.7913033251666736,1.1752723561566434,0.12864891486427774,-0.07418902340050748,-0.7611647719476056,-0.8047265596340023,1.4449392991175183,-1.7448140130582392,1.3691174386797715,-0.11465198140323113,6
0.5390287857514142,-0.3784124785734874,-0.18451962520051826,0.24425453450810958,0.4424603718653844,0.31243321344429625,1.1337828525297504,1.4565815067216834,-1.178030081002893,-1.02086286386342,-0.9967764610122684,5
-0.49313804703864905,0.32940040130054543,-1.2305134570137197,1.978338829165585,-0.07418902340050748,1.2786714002970079,0.07950580380911298,-0.4643827479636198,-2.0990539705928293,-1.3292474190302839,-1.192804123147611,5
0.41759739365846604,0.32940040130054543,-0.07992024201919819,-0.44937918335488086,1.053046020815984,-0.7611647719476056,-0.7707176225784979,0.5659526250039255,-0.32785418291987356,0.598156050762613,-0.8007487988769275,5
-1.9503147521540334,-0.6143501051981654,-1.3874125317856998,-0.6805904226425442,-1.7650415897252454,0.31243321344429625,1.5078811601402993,-2.9965629018670414,2.5769134688637747,0.675252189554329,3.1198044438299033,7
-0.4324223509921749,-0.5553656985419959,0.12927852434344198,-0.33377356371104905,-0.3090296576122768,0.41979301198348645,0.7596845449192017,0.26907633109800616,0.5931697066700625,-0.018613059571113668,-0.898762629944598,5
-0.37170665494570027,-2.029975864946232,0.39077698229674257,0.3598601541519414,-0.731742799193461,-0.009646182173274296,0.4876130484751662,-1.1745574118169801,0.3806257321493093,1.0607328835129086,1.3555554846118303,6
-0.4324223509921749,-0.5553656985419959,0.12927852434344198,-0.33377356371104905,-0.3090296576122768,0.41979301198348645,0.7596845449192017,0.26907633109800616,0.5931697066700625,-0.018613059571113668,-0.898762629944598,5
1.1461857462161575,-1.7350538316653847,0.5476760570687226,-0.2181679440672172,-1.1544559407746455,-0.11700598071246449,-0.26058356674593136,-0.33631846431793294,-0.6112461489475467,-1.175055141446852,-1.0947902920799388,4
-0.7360008312245466,1.3321353144554262,-1.3351128401950398,-0.2181679440672172,-1.060519687089938,-0.439085376330035,-0.8727444337450112,-2.5017690786905096,0.5223217151631458,-1.8689203905722944,2.335693795288538,6
-0.3109909588992261,0.15244718133203763,-1.3874125317856998,-0.7961960422863761,-0.5438702918240454,-0.8685245704867958,-0.9067533708005157,-0.07436879322450893,-0.39870217442679345,-0.018613059571113668,-0.9967764610122684,6
-0.7360008312245466,1.3321353144554262,-1.3351128401950398,-0.2181679440672172,-1.060519687089938,-0.439085376330035,-0.8727444337450112,-2.5017690786905096,0.5223217151631458,-1.8689203905722944,2.335693795288538,6
-0.12884387075980322,1.214166501143087,-1.3874125317856998,0.12864891486427774,-0.027220896558153608,-0.3317255777908449,-0.6686908114119846,0.7347646352641579,0.45147372365622596,-1.4063435578219994,-0.8007487988769275,4
-1.1002950075033924,0.8602600612060709,-1.3874125317856998,2.2095500684532485,-1.1544559407746455,-0.439085376330035,-0.8047265596340023,-1.0697775433796235,0.9474096642046556,-0.6353821699048403,1.3555554846118303,4
-0.49313804703864905,0.5063536212690539,-0.34141869997249846,-0.7961960422863761,-0.26206153076992295,2.2449095871497198,0.5556309225861751,-1.0348509205671281,-1.5322700385374828,-1.8689203905722944,-1.0947902920799388,5
0.9033229620302612,-0.9092721384790126,0.6522754402500428,0.12864891486427774,-0.12115715024286135,1.3860311988361982,0.7256756078636972,0.3331084729208819,-1.1071820894959732,-0.40409375352969334,-0.604721136741585,5
0.41759739365846604,-0.732318918510504,0.7568748234313628,-0.44937918335488086,-1.1074878139322917,-0.009646182173274296,-0.12454781852391363,-1.50053922473328,-0.6820941404544635,-0.32699761473797745,1.747610808882512,6
-0.007412478666853906,0.21143158798820713,-0.23681931679117837,0.013043295220445918,0.01974723028420026,-0.5464451748692253,1.4398632860292904,0.9210399569306057,0.3806257321493093,-0.17280533715454555,-0.898762629944598,5
-0.5538537430851231,0.15244718133203763,-0.3937183915631586,-0.6805904226425442,0.01974723028420026,-0.009646182173274296,-0.3286014408569402,-0.0976532084327745,1.2308016302323286,0.2897714955957501,0.08137568073210971,5
-0.5538537430851231,1.2731509077992567,-1.0213146906510793,-0.7961960422863761,0.20761973765361508,-0.009646182173274296,0.14752367792012186,-0.9882820901505325,-1.3905740555236463,-1.252151280238568,-0.4086934746062441,5
-0.5538537430851231,0.15244718133203763,-0.3937183915631586,-0.6805904226425442,0.01974723028420026,-0.009646182173274296,-0.3286014408569402,-0.0976532084327745,1.2308016302323286,0.2897714955957501,0.08137568073210971,5
-0.8574322233174948,-0.6733345118543349,0.33847729070608246,-0.2181679440672172,-0.027220896558153608,0.741872407601057,-0.26058356674593136,-1.0581353357754584,0.6640176981769824,0.8294444671377608,0.669458667138134,6
-0.7360008312245466,0.4473692146128844,-1.3351128401950398,-0.1025623244233859,-0.12115715024286135,0.9565920046794374,-0.22657462969042694,-0.9184288445256065,0.5931697066700625,-0.2499014759462615,0.4734310050027931,6
-0.7360008312245466,0.4473692146128844,-1.3351128401950398,-0.1025623244233859,-0.12115715024286135,0.9565920046794374,-0.22657462969042694,-0.9184288445256065,0.5931697066700625,-0.2499014759462615,0.4734310050027931,6
-0.49313804703864905,0.32940040130054543,-0.6552168495164589,-0.2181679440672172,-0.21509340392756907,1.2786714002970079,0.5556309225861751,-0.24318080348474136,-0.2570061914129569,-0.40409375352969334,-0.604721136741585,5
-0.7360008312245466,1.1551820944869178,-1.3874125317856998,-0.6805904226425442,1.945440430820707,-0.975884369025986,-1.008780181967029,-0.2606441148909567,0.9474096642046556,-0.4811898923214093,-0.604721136741585,5
-0.2502752628527515,0.8012756545499014,-1.3874125317856998,-1.1430129012178714,0.6773010060771537,-0.975884369025986,-1.0427891190225334,-0.5982681354114215,0.805713681190819,-0.4811898923214093,-0.898762629944598,5
-0.3109909588992261,1.0372132811745787,-1.0736143822417394,-0.5649848029987127,-0.12115715024286135,0.5271528105226766,-0.2945925038014358,-0.2548230110888418,0.5931697066700625,0.36686763438746517,0.4734310050027931,5
-1.34315779168929,0.6833068412375624,-1.2828131486043797,0.013043295220445918,-0.5908384186663994,1.1713116017578178,0.07950580380911298,-1.8265210376495797,1.0891056472184921,-1.483439696613715,0.5714448360704636,5
-0.49313804703864905,0.38838480795671493,-0.23681931679117837,-0.6805904226425442,0.01974723028420026,2.996428176924051,0.5556309225861751,-1.0057454015567477,-1.5322700385374828,-1.714728112988863,-1.192804123147611,5
-0.7967165272710207,0.32940040130054543,0.07697883275278215,2.7875781666724073,0.16065161081126186,-0.3317255777908449,0.8617113560857149,-0.2257174920784614,0.02638577461471627,0.4439637731791811,0.5714448360704636,6
-0.9181479193639694,0.6833068412375624,-1.3874125317856998,0.3598601541519414,1.945440430820707,-0.009646182173274296,-0.36261037791244466,-0.7787223532757545,0.8765616726977357,-0.09570919836282961,0.8654863292734766,6
-0.9181479193639694,0.6833068412375624,-1.3874125317856998,0.3598601541519414,1.945440430820707,-0.009646182173274296,-0.36261037791244466,-0.7787223532757545,0.8765616726977357,-0.09570919836282961,0.8654863292734766,6
-1.2217263995963412,2.9247142941720012,-1.3874125317856998,-0.44937918335488086,0.06671535712655413,0.20507341490510608,-0.6686908114119846,-1.3666538372855428,1.9392815453015084,-0.7124783086965563,0.7674724982058044,4
0.9033229620302612,-0.4373968852296569,0.5999757486593827,0.12864891486427774,-0.027220896558153608,2.030189990071339,0.7596845449192017,0.3156451615146666,-1.178030081002893,-0.4811898923214093,-0.604721136741585,5
-0.0681281747133291,1.5090885344239346,-1.3874125317856998,-0.2181679440672172,0.3485241181806767,-0.22436577925165468,-0.6006729373009757,0.6299847668268013,0.3806257321493093,-1.4063435578219994,-0.8007487988769275,4
0.11401891342609434,-0.9092721384790126,0.28617759911542234,-0.6805904226425442,-0.731742799193461,1.1713116017578178,0.24955048908663516,-1.2560528650460714,0.45147372365622596,0.598156050762613,1.3555554846118303,6
-0.675285135178072,0.270415994644376,-1.1259140738323996,-0.1025623244233859,-0.027220896558153608,0.0977136163659159,-0.26058356674593136,-0.627373654421802,0.45147372365622596,-0.32699761473797745,-0.11465198140323113,6
-0.675285135178072,0.270415994644376,-1.1259140738323996,-0.1025623244233859,-0.027220896558153608,0.0977136163659159,-0.26058356674593136,-0.627373654421802,0.45147372365622596,-0.32699761473797745,-0.11465198140323113,6
1.267617138309107,-0.5553656985419959,1.2275720477473036,-0.1025623244233859,-0.6378065455087533,-0.22436577925165468,-0.8387354966895068,-0.417813917547024,-1.5322700385374828,1.7545981326383513,0.9635001603411469,6
-0.8574322233174948,-0.6733345118543349,0.2338779075247622,-0.44937918335488086,-0.12115715024286135,0.6345126090618668,0.24955048908663516,-0.02197885900579827,1.0891056472184921,-0.7124783086965563,-0.898762629944598,6
-0.6145694391315978,-0.4963812918858264,-0.34141869997249846,-0.9118016619302076,-1.5302009555134761,0.9565920046794374,0.6916666708081928,-1.8730898680661754,0.45147372365622596,-0.5582860311131252,1.2575416535441581,6
-1.4645891837822382,-0.3784124785734874,-1.3874125317856998,-0.5649848029987127,-0.21509340392756907,1.0639518032186277,0.011487929698104114,-1.6693512349935125,1.3016496217392455,-0.8666705862799882,0.7674724982058044,5
-0.49313804703864905,0.32940040130054543,-0.34141869997249846,-0.44937918335488086,-0.40296591129698456,2.030189990071339,0.011487929698104114,-1.0348509205671281,-1.5322700385374828,-1.637631974197147,-1.0947902920799388,5
-0.3109909588992261,0.32940040130054543,-0.7075165411071189,-0.33377356371104905,0.9591097671312763,0.20507341490510608,-0.26058356674593136,-1.3491905258793275,-0.5403981574406269,-0.8666705862799882,0.7674724982058044,6
-0.18955956680627734,1.125689891158833,-0.23681931679117837,-0.1025623244233859,-0.3090296576122768,-0.22436577925165468,1.2698186007517682,0.0944432170357235,-0.5403981574406269,-0.7895744474882722,-0.898762629944598,6
0.11401891342609434,-0.732318918510504,0.704575131840703,4.521662461329883,-1.4832328286711223,-1.2979637646435567,-1.1448159301890466,-0.6157314468176369,-0.2570061914129569,-0.6353821699048403,1.5515831467471712,4
-0.7967165272710207,0.9782288745184092,-1.3874125317856998,-0.5649848029987127,1.5227272892395227,-1.2979637646435567,-1.1448159301890466,-0.20825418067224605,0.23892974913547269,-0.32699761473797745,-0.7027349678092571,6
-0.18955956680627734,1.125689891158833,-0.23681931679117837,-0.1025623244233859,-0.3090296576122768,-0.22436577925165468,1.2698186007517682,0.0944432170357235,-0.5403981574406269,-0.7895744474882722,-0.898762629944598,6
0.9033229620302612,-1.3221629850721985,0.6522754402500428,-0.7961960422863761,-0.9196153065628765,-1.2979637646435567,-1.1788248672445512,-1.1163463737962194,-1.2488780725098096,-0.5582860311131252,1.0615139914088174,7
-0.7360008312245466,-0.3784124785734874,-0.34141869997249846,-0.5649848029987127,-0.21509340392756907,1.3860311988361982,0.3515773002531485,-0.6506580696300676,0.3806257321493093,-0.018613059571113668,-0.01663815033556071,6
-0.7360008312245466,-0.3784124785734874,-0.34141869997249846,-0.5649848029987127,-0.21509340392756907,1.3860311988361982,0.3515773002531485,-0.6506580696300676,0.3806257321493093,-0.018613059571113668,-0.01663815033556071,6
-0.2502752628527515,1.4206119244396804,-1.3874125317856998,-0.44937918335488086,0.113683483968908,-0.6538049734084155,-0.7367086855229934,-0.3072129453075525,0.09723376612163613,0.2897714955957501,0.4734310050027931,6
0.23545030551904259,0.6243224345813929,0.07697883275278215,0.3598601541519414,0.6773010060771537,0.20507341490510608,0.8617113560857149,0.36221399193126236,-0.39870217442679345,-0.09570919836282961,-0.2126658124709033,6
-0.7967165272710207,-0.6143501051981654,-0.3937183915631586,-0.1025623244233859,-0.49690216498169226,0.31243321344429625,-0.26058356674593136,-1.1396307890045496,0.5223217151631458,-0.6353821699048403,0.4734310050027931,5
1.8140584027273763,-0.9092721384790126,1.2275720477473036,-0.6805904226425442,0.39549224502303054,0.5271528105226766,0.11351474086461742,0.36221399193126236,-1.178030081002893,-0.5582860311131252,0.08137568073210971,5
-0.7360008312245466,-2.1479446782585705,0.9137738982033431,0.12864891486427774,-0.6378065455087533,0.20507341490510608,-0.43062825202345356,-2.0011541517118623,0.23892974913547269,-0.7895744474882722,1.9436384710178547,6
-0.18955956680627734,0.4473692146128844,-0.9690149990604192,0.24425453450810958,-1.2014240676169994,-1.2979637646435567,-1.24684274135556,-2.245640511399136,-0.6820941404544635,-2.1002088069474425,2.531721457423879,5
-0.4324223509921749,1.2731509077992567,-1.3874125317856998,-0.5649848029987127,0.8651735134465692,-0.975884369025986,-1.0767980560780377,-0.8776811179110608,0.3097777406423894,-0.40409375352969334,0.5714448360704636,5
-0.0681281747133291,0.6538146379094777,-0.8644156158790992,-0.33377356371104905,-0.40296591129698456,1.0639518032186277,0.5556309225861751,-0.19661197306808093,-0.18615819990603702,0.8294444671377608,0.4734310050027931,6
-1.4645891837822382,-0.7618111218385888,-0.7075165411071189,0.013043295220445918,-1.2014240676169994,-0.11700598071246449,-0.5326550631899668,-1.803236622441314,2.151825519822265,0.21267535680403415,1.9436384710178547,6
-0.49313804703864905,1.3616275177835109,-1.3874125317856998,-0.5649848029987127,0.113683483968908,-0.975884369025986,-1.0767980560780377,0.0013055562025319348,0.16808175762855285,-1.175055141446852,-0.7027349678092571,4
-0.0681281747133291,0.6538146379094777,-0.8644156158790992,-0.33377356371104905,-0.40296591129698456,1.0639518032186277,0.5556309225861751,-0.19661197306808093,-0.18615819990603702,0.8294444671377608,0.4734310050027931,6
-0.675285135178072,0.03447836801969866,-0.6552168495164589,-0.33377356371104905,-0.8256790528781687,-0.009646182173274296,-0.4986461261344624,-2.0302596707223075,0.23892974913547269,-0.2499014759462615,1.6495969778148416,6
-1.586020575875187,0.4473692146128844,-1.3874125317856998,-1.1430129012178714,-0.8726471797205225,-0.439085376330035,-0.8727444337450112,-2.798645372596429,0.9474096642046556,-0.6353821699048403,1.747610808882512,6
-0.9788636154104436,1.98096378767329,-1.0213146906510793,-0.44937918335488086,0.8651735134465692,0.5271528105226766,0.4536041114196618,-0.42945612515118914,2.0101295368084284,0.7523483283460448,1.2575416535441581,6
0.47831308970494013,-0.9092721384790126,0.28617759911542234,-0.33377356371104905,-0.8256790528781687,-1.1906039661043664,-0.9747712449115244,-0.557520408796876,-0.1153102083991203,1.2149251610963405,0.7674724982058044,6
-0.18955956680627734,-1.4401317983845372,0.9137738982033431,-0.6805904226425442,-0.027220896558153608,1.3860311988361982,0.8277024190302106,-0.9941031939526473,0.3097777406423894,0.1355792180123182,0.7674724982058044,5
-0.4324223509921749,1.5680729410801042,-0.2891190083818385,-0.1025623244233859,0.25458786449596893,0.6345126090618668,0.8277024190302106,-0.7088691076508284,-1.3905740555236463,-1.560535835405431,-1.192804123147611,5
-0.49313804703864905,0.5063536212690539,-0.02762055042853807,-0.5649848029987127,-0.40296591129698456,0.9565920046794374,1.5078811601402993,-0.347960671922098,-0.1153102083991203,-0.8666705862799882,-0.604721136741585,5
0.842607265983786,0.9782288745184092,0.28617759911542234,0.12864891486427774,0.30155599133832284,0.741872407601057,1.6099079713068125,0.6881958048475622,-0.18615819990603702,-0.17280533715454555,-0.3106796435385737,5
-0.9181479193639694,0.9192444678622403,-0.9167153074697593,1.7471275898779217,-0.6378065455087533,-0.009646182173274296,-0.4986461261344624,-0.8602178065048456,0.6640176981769824,-0.9437667250717041,0.669458667138134,4
0.842607265983786,0.9782288745184092,0.28617759911542234,0.12864891486427774,0.30155599133832284,0.741872407601057,1.6099079713068125,0.6881958048475622,-0.18615819990603702,-0.17280533715454555,-0.3106796435385737,5
-0.7967165272710207,0.5653380279252235,-0.8644156158790992,-1.1430129012178714,-0.49690216498169226,1.2786714002970079,0.6576577337526883,-0.417813917547024,-0.2570061914129569,-0.2499014759462615,-1.192804123147611,5
-0.49313804703864905,0.5063536212690539,-0.02762055042853807,-0.5649848029987127,-0.40296591129698456,0.9565920046794374,1.5078811601402993,-0.347960671922098,-0.1153102083991203,-0.8666705862799882,-0.604721136741585,5
-1.1002950075033924,-0.08349044529264033,-0.6029171579257989,0.7066770130834363,-0.8256790528781687,-0.3317255777908449,-0.5666640002454713,-2.2223560961908055,0.09723376612163613,-0.40409375352969334,2.335693795288538,6
-0.7967165272710207,-0.968256545135182,-0.2891190083818385,-0.1025623244233859,0.20761973765361508,0.5271528105226766,0.7256756078636972,-0.6623002772342327,0.5931697066700625,-0.7895744474882722,-0.3106796435385737,6
-0.7967165272710207,-0.968256545135182,-0.2891190083818385,0.013043295220445918,0.20761973765361508,0.9565920046794374,0.8617113560857149,-0.6739424848383978,0.5931697066700625,-0.8666705862799882,-0.3106796435385737,6
-0.49313804703864905,0.6243224345813929,0.024679141162122043,-0.44937918335488086,0.06671535712655413,0.20507341490510608,1.6099079713068125,-0.3246762567137678,-0.39870217442679345,-0.4811898923214093,-0.604721136741585,6
0.9640386580767353,-0.4963812918858264,1.0183732813846633,-0.2181679440672172,0.4424603718653844,-0.5464451748692253,-0.09053888146840919,-0.19661197306808093,-0.9654861064821366,0.36686763438746517,1.4535693156795009,6
-0.49313804703864905,0.6243224345813929,0.024679141162122043,-0.44937918335488086,0.06671535712655413,0.20507341490510608,1.6099079713068125,-0.3246762567137678,-0.39870217442679345,-0.4811898923214093,-0.604721136741585,6
0.842607265983786,0.8012756545499014,0.39077698229674257,0.24425453450810958,0.583364752392446,-0.3317255777908449,1.5078811601402993,0.7231224276599928,-0.39870217442679345,0.1355792180123182,-0.3106796435385737,5
0.47831308970494013,-1.0862253584475208,0.8091745150220229,-0.6805904226425442,-1.1074878139322917,-0.6538049734084155,-0.8727444337450112,-1.6286035083789667,-0.9654861064821366,-0.7124783086965563,0.9635001603411469,5
0.47831308970494013,-0.968256545135182,0.6522754402500428,-0.6805904226425442,-1.0135515602475842,0.6345126090618668,0.3855862373086529,-1.029029816765078,-0.9654861064821366,1.3691174386797715,0.5714448360704636,7
-0.9788636154104436,-0.3784124785734874,-0.1322199336098583,-0.7961960422863761,-0.21509340392756907,0.31243321344429625,-0.3286014408569402,-1.1163463737962194,0.5223217151631458,-0.32699761473797745,0.17938951179978013,6
-0.9788636154104436,-0.3784124785734874,-0.1322199336098583,-0.7961960422863761,-0.21509340392756907,0.31243321344429625,-0.3286014408569402,-1.1163463737962194,0.5223217151631458,-0.32699761473797745,0.17938951179978013,6
-0.9788636154104436,-0.3784124785734874,-0.1322199336098583,-0.7961960422863761,-0.21509340392756907,0.31243321344429625,-0.3286014408569402,-1.1163463737962194,0.5223217151631458,-0.32699761473797745,0.17938951179978013,6
-0.9788636154104436,-0.3784124785734874,-0.1322199336098583,-0.7961960422863761,-0.21509340392756907,0.31243321344429625,-0.3286014408569402,-1.1163463737962194,0.5223217151631458,-0.32699761473797745,0.17938951179978013,6
-1.1002950075033924,-0.024506038636470828,-0.8121159242884392,-0.6805904226425442,-0.40296591129698456,-0.22436577925165468,-0.1925656926349225,-0.7088691076508284,0.16808175762855285,-0.9437667250717041,-1.0947902920799388,5
-0.5538537430851231,0.4473692146128844,-0.02762055042853807,-0.33377356371104905,0.06671535712655413,0.20507341490510608,1.6099079713068125,-0.3246762567137678,-0.18615819990603702,-0.6353821699048403,-0.604721136741585,6
-0.5538537430851231,0.4473692146128844,-0.02762055042853807,-0.33377356371104905,0.06671535712655413,0.20507341490510608,1.6099079713068125,-0.3246762567137678,-0.18615819990603702,-0.6353821699048403,-0.604721136741585,6
-0.3109909588992261,2.0399481943294595,-0.02762055042853807,1.63152197023409,1.1939504013430458,1.7081105944537687,0.7936934819747061,-0.02197885900579827,-0.39870217442679345,-1.4063435578219994,-1.192804123147611,5
0.05330321737962022,-0.7913033251666736,-0.8644156158790992,-0.7961960422863761,-0.3090296576122768,-0.975884369025986,-0.6346818743564802,-0.5284148897864955,-1.6031180300444028,-1.637631974197147,-0.7027349678092571,6
0.47831308970494013,1.4795963310958498,-0.23681931679117837,-0.2181679440672172,-0.12115715024286135,-0.3317255777908449,0.14752367792012186,0.5135626907852795,-0.9654861064821366,-1.02086286386342,-0.8007487988769275,5
-0.675285135178072,1.8335027710328662,-1.3874125317856998,-0.44937918335488086,3.9650698850419217,-1.1906039661043664,-1.1108069931335423,-0.37124508713042825,0.5223217151631458,-0.9437667250717041,-0.4086934746062441,5
-1.0395793114569183,0.32940040130054543,-1.2828131486043797,0.013043295220445918,-0.5908384186663994,0.41979301198348645,-0.12454781852391363,-1.6577090273893473,0.45147372365622596,0.1355792180123182,2.1396661331531956,6
-1.4038734877357641,-0.14247485194880982,-1.3874125317856998,-1.1430129012178714,-1.1544559407746455,-0.009646182173274296,-0.6006729373009757,-1.302621695462667,0.3097777406423894,-1.483439696613715,-0.898762629944598,5
-1.4038734877357641,-0.14247485194880982,-1.3874125317856998,-1.1430129012178714,-1.1544559407746455,-0.009646182173274296,-0.6006729373009757,-1.302621695462667,0.3097777406423894,-1.483439696613715,-0.898762629944598,5
-1.4038734877357641,-0.14247485194880982,-1.3874125317856998,-1.1430129012178714,-1.1544559407746455,-0.009646182173274296,-0.6006729373009757,-1.302621695462667,0.3097777406423894,-1.483439696613715,-0.898762629944598,5
-0.49313804703864905,-0.08349044529264033,-1.2828131486043797,-0.7961960422863761,0.113683483968908,-0.22436577925165468,-0.43062825202345356,-0.7787223532757545,0.3097777406423894,-0.7895744474882722,0.08137568073210971,6
-0.49313804703864905,-0.08349044529264033,-1.2828131486043797,-0.7961960422863761,0.113683483968908,-0.22436577925165468,-0.43062825202345356,-0.7787223532757545,0.3097777406423894,-0.7895744474882722,0.08137568073210971,6
-0.49313804703864905,-0.08349044529264033,-1.2828131486043797,-0.7961960422863761,0.113683483968908,-0.22436577925165468,-0.43062825202345356,-0.7787223532757545,0.3097777406423894,-0.7895744474882722,0.08137568073210971,6
-0.4324223509921749,0.09346277467586815,-1.2828131486043797,-0.7961960422863761,0.16065161081126186,0.20507341490510608,-0.43062825202345356,-0.48184605936983516,0.3806257321493093,-1.02086286386342,-0.01663815033556071,6
-0.49313804703864905,-0.08349044529264033,-1.2828131486043797,-0.7961960422863761,0.113683483968908,-0.22436577925165468,-0.43062825202345356,-0.7787223532757545,0.3097777406423894,-0.7895744474882722,0.08137568073210971,6
1.9354897948203245,-0.6143501051981654,1.1229726645659832,0.24425453450810958,-0.21509340392756907,-0.7611647719476056,-0.8047265596340023,1.0491042405762925,-1.6031180300444028,-0.8666705862799882,0.5714448360704636,5
-0.0681281747133291,-0.4963812918858264,-0.1322199336098583,-0.1025623244233859,-0.8726471797205225,-0.5464451748692253,-0.5326550631899668,-0.3421395681200478,-0.46955016593371013,-0.8666705862799882,-0.2126658124709033,6
-1.34315779168929,0.38838480795671493,-1.3351128401950398,-0.33377356371104905,-1.2014240676169994,-1.0832441675651763,-1.0427891190225334,-1.162915204212815,1.443345604753082,-0.6353821699048403,0.9635001603411469,5
-0.675285135178072,0.7717834512218167,-1.2305134570137197,-0.6805904226425442,-0.1681252770852152,-0.8685245704867958,-1.0767980560780377,-0.4934882669740002,0.16808175762855285,-1.9460165293640104,-0.898762629944598,5
-0.675285135178072,0.7717834512218167,-1.2305134570137197,-0.6805904226425442,-0.1681252770852152,-0.8685245704867958,-1.0767980560780377,-0.4934882669740002,0.16808175762855285,-1.9460165293640104,-0.898762629944598,5
-0.8574322233174948,0.270415994644376,-1.3874125317856998,0.4754657737957727,-0.027220896558153608,0.6345126090618668,-0.09053888146840919,-0.8951444293173408,0.6640176981769824,-0.9437667250717041,0.3754171739351227,5
0.41759739365846604,0.4473692146128844,0.12927852434344198,-0.44937918335488086,-0.5908384186663994,1.815470392992959,0.9977471043077327,-0.10347431223488937,0.16808175762855285,-0.5582860311131252,-0.4086934746062441,5
-0.675285135178072,0.5653380279252235,-1.3351128401950398,-0.1025623244233859,-0.7787109260358148,-0.7611647719476056,0.07950580380911298,-1.9778697365035969,0.02638577461471627,-1.02086286386342,1.3555554846118303,6
-0.4324223509921749,0.7127990445656471,-1.2305134570137197,-0.5649848029987127,0.20761973765361508,-0.11700598071246449,0.4536041114196618,0.10608542463988861,0.3806257321493093,-1.4063435578219994,-0.11465198140323113,5
-0.4324223509921749,0.7127990445656471,-1.2305134570137197,-0.5649848029987127,0.20761973765361508,-0.11700598071246449,0.4536041114196618,0.10608542463988861,0.3806257321493093,-1.4063435578219994,-0.11465198140323113,5
-0.675285135178072,0.32940040130054543,-1.2305134570137197,-0.1025623244233859,-0.21509340392756907,-0.8685245704867958,-0.5326550631899668,-0.6040892392134718,0.23892974913547269,-0.9437667250717041,-0.4086934746062441,5
-1.34315779168929,-1.2041941717598597,-0.07992024201919819,-0.6805904226425442,0.20761973765361508,-1.0832441675651763,-0.3966193149679491,-1.2094840346294755,0.3097777406423894,-1.560535835405431,-0.3106796435385737,5
-1.34315779168929,-1.0862253584475208,-0.07992024201919819,-0.6805904226425442,0.113683483968908,-1.1906039661043664,-0.5326550631899668,-1.2094840346294755,0.3097777406423894,-1.560535835405431,-0.3106796435385737,5
-0.6145694391315978,-0.5553656985419959,-0.1322199336098583,0.12864891486427774,-0.1681252770852152,1.2786714002970079,0.7936934819747061,-0.13840093504732004,2.0101295368084284,-0.40409375352969334,0.669458667138134,6
1.9962054908667985,-0.28993586858923354,0.704575131840703,-1.1430129012178714,0.4424603718653844,-0.975884369025986,-0.5326550631899668,0.1875808778689797,-1.7448140130582392,0.058483079220602266,-0.3760221975837204,6
0.5390287857514142,0.09346277467586815,0.2338779075247622,-0.1025623244233859,1.428791035554815,-0.439085376330035,-0.1925656926349225,0.15847535885859926,-0.5403981574406269,-0.6353821699048403,0.4734310050027931,5
-0.007412478666853906,1.9219793810171204,-0.6552168495164589,0.12864891486427774,0.5363966255500922,-0.22436577925165468,0.3515773002531485,0.30400295391050147,0.3097777406423894,-0.7895744474882722,-0.3106796435385737,5
1.9962054908667985,-0.28993586858923354,0.704575131840703,-1.1430129012178714,0.4424603718653844,-0.975884369025986,-0.5326550631899668,0.1875808778689797,-1.7448140130582392,0.058483079220602266,-0.3760221975837204,6
-0.18955956680627734,1.8040105677047813,0.024679141162122043,-0.44937918335488086,-0.07418902340050748,-0.439085376330035,0.6576577337526883,-0.11511651983905447,-0.18615819990603702,-1.252151280238568,-0.604721136741585,4
-0.675285135178072,0.4768614179409692,-1.2828131486043797,-0.5649848029987127,0.6773010060771537,-0.5464451748692253,-0.43062825202345356,-0.9999242977546975,1.0182576557115723,-0.8666705862799882,1.3555554846118303,6
-0.3109909588992261,-0.14247485194880982,-0.9167153074697593,-0.2181679440672172,1.5696954160818766,-0.5464451748692253,-0.05652994441290476,0.2225075006814104,-0.9654861064821366,-0.17280533715454555,-0.898762629944598,5
-0.6145694391315978,1.2731509077992567,-0.9690149990604192,-0.7961960422863761,0.583364752392446,-0.5464451748692253,0.04549686675360855,-0.557520408796876,-0.5403981574406269,-1.097959002655136,-0.604721136741585,5
-0.18955956680627734,1.450104127767765,0.28617759911542234,-0.33377356371104905,-0.12115715024286135,0.0977136163659159,1.0317560413632372,-0.09183210463072426,-0.32785418291987356,-1.097959002655136,-0.604721136741585,6
-1.0395793114569183,0.5063536212690539,-1.3874125317856998,-0.9118016619302076,-0.5908384186663994,-1.1906039661043664,-1.2128338043000555,-1.6053190931707013,0.09723376612163613,-2.1002088069474425,-0.01663815033556071,4
-0.49313804703864905,0.32940040130054543,1.5413701972912641,0.8222826327272682,3.3544842360913214,-1.0832441675651763,-1.008780181967029,-1.1396307890045496,-0.7529421319613833,2.9881363533058054,1.1595278224764878,6
-0.37170665494570027,1.3321353144554262,0.024679141162122043,1.63152197023409,1.3348547818701073,2.030189990071339,1.5418900971958036,-0.04526327421412848,-0.5403981574406269,-1.483439696613715,-1.0947902920799388,5
-0.675285135178072,0.21143158798820713,-0.02762055042853807,-0.44937918335488086,0.06671535712655413,-0.22436577925165468,1.9159884048063525,-0.4993093707761151,-0.39870217442679345,-0.9437667250717041,-0.5067073056739145,5
-0.0681281747133291,2.1284248043137137,-0.34141869997249846,-1.1430129012178714,0.20761973765361508,-0.8685245704867958,-0.43062825202345356,-1.2327684498377411,-1.461422047030566,-1.4063435578219994,-0.4086934746062441,5
-1.8895990561075586,-0.2014592586049793,-0.02762055042853807,-0.1025623244233859,0.39549224502303054,0.8492322061402472,1.0317560413632372,-0.8252911836924148,2.789457443384528,-0.17280533715454555,1.747610808882512,6
-0.675285135178072,-0.4373968852296569,-0.6029171579257989,-0.44937918335488086,-0.1681252770852152,-0.5464451748692253,-0.5326550631899668,-0.3654239833283134,-0.18615819990603702,-1.02086286386342,-0.5067073056739145,6
-0.49313804703864905,0.270415994644376,-1.2828131486043797,0.24425453450810958,-0.21509340392756907,-0.439085376330035,-0.2945925038014358,-0.6681213810363476,0.3097777406423894,-0.17280533715454555,0.3754171739351227,6
-0.49313804703864905,0.270415994644376,-1.2828131486043797,0.24425453450810958,-0.21509340392756907,-0.439085376330035,-0.2945925038014358,-0.6681213810363476,0.3097777406423894,-0.17280533715454555,0.3754171739351227,6
-0.9181479193639694,1.8040105677047813,-0.9167153074697593,-0.6805904226425442,-0.3559977844546307,-1.1906039661043664,-0.6346818743564802,-0.8020067684840847,0.45147372365622596,-1.483439696613715,-0.8007487988769275,5
-0.18955956680627734,0.4473692146128844,-0.23681931679117837,-0.33377356371104905,-0.07418902340050748,1.0639518032186277,2.0860330900838746,-0.3421395681200478,-0.1153102083991203,-1.175055141446852,-0.5067073056739145,5
-0.18955956680627734,0.4473692146128844,-0.23681931679117837,-0.33377356371104905,-0.07418902340050748,1.0639518032186277,2.0860330900838746,-0.3421395681200478,-0.1153102083991203,-1.175055141446852,-0.5067073056739145,5
-0.7360008312245466,1.3616275177835109,-0.6029171579257989,-0.6805904226425442,1.1939504013430458,0.5271528105226766,1.3718454119182815,-0.4585616441615696,-0.8946381149752198,-1.097959002655136,-0.898762629944598,5
-0.18955956680627734,1.686041754392443,-0.07992024201919819,1.1690994916587631,-0.26206153076992295,2.030189990071339,1.405854348973786,-0.02197885900579827,-0.8946381149752198,-1.714728112988863,-1.192804123147611,5
-0.5538537430851231,0.6833068412375624,-1.0213146906510793,-0.6805904226425442,0.8651735134465692,-0.7611647719476056,-0.7026997484674891,-0.35960287952626313,-0.1153102083991203,-0.4811898923214093,-0.8007487988769275,5
-0.5538537430851231,0.6833068412375624,-1.0213146906510793,-0.6805904226425442,0.8651735134465692,-0.7611647719476056,-0.7026997484674891,-0.35960287952626313,-0.1153102083991203,-0.4811898923214093,-0.8007487988769275,5
-1.0395793114569183,0.6833068412375624,0.2338779075247622,4.290451222042219,0.06671535712655413,-0.8685245704867958,0.18153261497562628,0.26907633109800616,0.23892974913547269,0.2897714955957501,-0.11465198140323113,5
-0.9788636154104436,-0.2604436652611488,-1.2828131486043797,-0.2181679440672172,-0.07418902340050748,2.2449095871497198,2.290086712416901,-0.8602178065048456,-1.5322700385374828,-0.8666705862799882,-0.7027349678092571,5
-1.4038734877357641,-0.2014592586049793,-1.3874125317856998,-0.1025623244233859,-0.6378065455087533,-0.009646182173274296,-0.36261037791244466,-2.2107138885866404,1.8684335537945918,-0.40409375352969334,2.041652302085525,6
-0.18955956680627734,0.6833068412375624,-0.23681931679117837,0.013043295220445918,0.583364752392446,-1.0832441675651763,-0.36261037791244466,-0.347960671922098,0.3806257321493093,-0.4811898923214093,0.5714448360704636,5
-0.7360008312245466,0.5653380279252235,-1.0736143822417394,-1.258618520861703,-0.5438702918240454,-1.0832441675651763,-1.0767980560780377,-1.4656126019208493,-1.0363340979890565,-1.252151280238568,-0.604721136741585,5
-0.18955956680627734,-0.024506038636470828,-0.07992024201919819,-0.44937918335488086,-0.1681252770852152,0.41979301198348645,0.5216219855306706,-0.347960671922098,-0.1153102083991203,-1.252151280238568,-0.2126658124709033,5
-1.1610107035498665,0.270415994644376,-0.6552168495164589,1.7471275898779217,-0.5438702918240454,1.2786714002970079,0.9977471043077327,-0.016157755203748035,0.02638577461471627,-1.252151280238568,-1.192804123147611,5
0.17473460947256847,0.9487366711903251,-0.8644156158790992,-0.9118016619302076,0.4894284987077383,-1.2979637646435567,-1.0767980560780377,0.4262461337540735,-0.044462216892200444,0.058483079220602266,-0.8497557144107619,6
0.23545030551904259,0.8897522645341556,-0.8644156158790992,-0.9118016619302076,0.39549224502303054,-1.1906039661043664,-1.1108069931335423,0.4262461337540735,-0.044462216892200444,0.058483079220602266,-0.8497557144107619,5
-0.6145694391315978,0.38838480795671493,-0.02762055042853807,-0.44937918335488086,-0.07418902340050748,0.20507341490510608,2.0520241530283703,-0.5109515783802803,-0.2570061914129569,-0.9437667250717041,-0.5067073056739145,5
-0.7967165272710207,0.4473692146128844,-0.7598162326977791,-0.2181679440672172,0.06671535712655413,-0.22436577925165468,-0.5326550631899668,-0.06854768942239406,1.443345604753082,-0.17280533715454555,-0.2126658124709033,7
-0.675285135178072,0.8602600612060709,-1.3874125317856998,-0.2181679440672172,-0.6378065455087533,-0.5464451748692253,-0.6686908114119846,-0.6506580696300676,0.7348656896838991,0.598156050762613,0.669458667138134,6
-0.2502752628527515,0.9782288745184092,-0.2891190083818385,-0.33377356371104905,-0.07418902340050748,1.922830191532149,3.3103548240820344,-0.30139184150550224,-0.46955016593371013,-1.02086286386342,-0.5067073056739145,5
-0.2502752628527515,0.9782288745184092,-0.2891190083818385,-0.33377356371104905,-0.07418902340050748,1.922830191532149,3.3103548240820344,-0.30139184150550224,-0.46955016593371013,-1.02086286386342,-0.5067073056739145,5
-0.4324223509921749,-1.3221629850721985,0.8091745150220229,-0.44937918335488086,-1.3892965749864148,-0.975884369025986,-0.6686908114119846,-0.24318080348474136,0.8765616726977357,1.3691174386797715,1.4535693156795009,6
-0.675285135178072,-1.14520976510369,0.33847729070608246,-0.7961960422863761,-0.9665834334052303,-1.2979637646435567,-1.0427891190225334,-0.417813917547024,-0.6112461489475467,3.527809324847817,-0.4086934746062441,8
-0.18955956680627734,-0.14247485194880982,0.6522754402500428,0.24425453450810958,0.01974723028420026,-0.3317255777908449,0.07950580380911298,1.037462032972192,0.805713681190819,-0.17280533715454555,0.27740334286745055,6
-0.37170665494570027,-1.4401317983845372,0.1815782159341021,-0.44937918335488086,-0.9196153065628765,0.31243321344429625,-0.3286014408569402,-0.8835022217131757,-0.2570061914129569,1.985886549013499,0.8654863292734766,7
-0.0681281747133291,-1.6760694250092152,0.39077698229674257,3.134395025603902,-0.9196153065628765,-0.7611647719476056,-0.7367086855229934,0.39714061474369305,-0.6820941404544635,2.294271104180362,0.4734310050027931,6
-1.4038734877357641,-0.08349044529264033,-1.3874125317856998,-0.33377356371104905,-0.8256790528781687,2.6743487813064806,0.3515773002531485,-0.9999242977546975,1.5850415877669186,2.217174965388647,0.27740334286745055,6
-0.12884387075980322,-1.381147391728368,0.49537636547806246,-0.2181679440672172,-1.57716908235583,2.1375497886105297,0.31756836319764403,-0.9999242977546975,-0.32785418291987356,2.8339440757223735,1.9436384710178547,7
-1.4038734877357641,-0.08349044529264033,-1.3874125317856998,-0.33377356371104905,-0.8256790528781687,2.6743487813064806,0.3515773002531485,-0.9999242977546975,1.5850415877669186,2.217174965388647,0.27740334286745055,6
-1.0395793114569183,2.570807854234984,-1.3874125317856998,-0.6805904226425442,0.01974723028420026,-1.0832441675651763,-0.94076230785602,-1.8148788300454146,1.3016496217392455,-1.560535835405431,1.4535693156795009,6
-1.1610107035498665,-0.31942807191731826,0.704575131840703,0.013043295220445918,-0.49690216498169226,-0.7611647719476056,-0.8387354966895068,-0.24318080348474136,1.726737570780755,0.675252189554329,0.17938951179978013,6
-0.0681281747133291,-1.6760694250092152,0.39077698229674257,3.134395025603902,-0.9196153065628765,-0.7611647719476056,-0.7367086855229934,0.39714061474369305,-0.6820941404544635,2.294271104180362,0.4734310050027931,6
0.9640386580767353,0.270415994644376,-0.07992024201919819,-0.44937918335488086,1.053046020815984,-0.3317255777908449,1.5418900971958036,-0.24318080348474136,-1.9573579875789926,1.985886549013499,-0.3106796435385737,5
1.0247543541232094,-1.2041941717598597,1.698269272063244,-0.2181679440672172,-0.21509340392756907,-1.2979637646435567,-0.9747712449115244,1.56136137515904,-0.8237901234683,1.0607328835129086,-0.8007487988769275,5
-1.2824420956428153,0.32940040130054543,-1.3874125317856998,-0.9118016619302076,-0.7787109260358148,-0.7611647719476056,-0.8727444337450112,-0.06854768942239406,1.726737570780755,1.5233097162632034,-0.9967764610122684,5
1.0247543541232094,-1.2041941717598597,1.698269272063244,-0.2181679440672172,-0.21509340392756907,-1.2979637646435567,-0.9747712449115244,1.56136137515904,-0.8237901234683,1.0607328835129086,-0.8007487988769275,5
-0.6145694391315978,-1.0862253584475208,0.33847729070608246,0.12864891486427774,-0.8256790528781687,0.6345126090618668,-0.22657462969042694,-0.8835022217131757,0.23892974913547269,0.9836367447211927,1.6495969778148416,7
-0.3109909588992261,0.03447836801969866,-1.3351128401950398,-0.9118016619302076,-0.21509340392756907,-1.2979637646435567,-0.8387354966895068,-0.9999242977546975,-1.1071820894959732,-1.4063435578219994,-0.604721136741585,5
-0.37170665494570027,0.6833068412375624,-0.2891190083818385,-0.2181679440672172,-0.21509340392756907,1.815470392992959,3.038283327637999,-0.6506580696300676,-0.32785418291987356,-1.483439696613715,-0.5067073056739145,5
-0.3109909588992261,0.03447836801969866,-1.3351128401950398,-0.9118016619302076,-0.21509340392756907,-1.2979637646435567,-0.8387354966895068,-0.9999242977546975,-1.1071820894959732,-1.4063435578219994,-0.604721136741585,5
-0.49313804703864905,-0.732318918510504,-0.4460180831538187,-0.9118016619302076,-0.12115715024286135,0.9565920046794374,0.4876130484751662,-0.12675872744315494,0.16808175762855285,-0.4811898923214093,-0.9967764610122684,5
-0.7967165272710207,0.09346277467586815,-1.3874125317856998,-0.33377356371104905,-0.12115715024286135,2.56698898276729,0.3855862373086529,-0.6506580696300676,0.5223217151631458,1.5233097162632034,0.9635001603411469,6
-1.1610107035498665,0.03447836801969866,-0.9167153074697593,1.7471275898779217,1.945440430820707,-0.11700598071246449,-0.43062825202345356,0.04787438661912772,1.3016496217392455,0.21267535680403415,0.5714448360704636,4
-0.007412478666853906,-1.5581006116968763,0.5476760570687226,-1.1430129012178714,-0.26206153076992295,-0.7611647719476056,-0.7026997484674891,0.39714061474369305,-0.39870217442679345,0.4439637731791811,-0.8007487988769275,6
-0.007412478666853906,-1.5581006116968763,0.5476760570687226,-1.1430129012178714,-0.26206153076992295,-0.7611647719476056,-0.7026997484674891,0.39714061474369305,-0.39870217442679345,0.4439637731791811,-0.8007487988769275,6
-0.37170665494570027,-1.7350538316653847,0.5476760570687226,-0.6805904226425442,-1.6711053360405377,0.8492322061402472,0.5556309225861751,0.2225075006814104,0.6640176981769824,0.5210599119708971,1.6495969778148416,6
-0.4324223509921749,-0.6733345118543349,0.33847729070608246,0.12864891486427774,-0.1681252770852152,-0.975884369025986,-0.7026997484674891,-0.5924470316093067,-0.1153102083991203,-0.4811898923214093,0.7674724982058044,5
-0.3109909588992261,0.6833068412375624,-1.3874125317856998,-0.5649848029987127,-0.4499340381393384,1.2786714002970079,0.3855862373086529,-0.30139184150550224,-0.044462216892200444,-0.09570919836282961,0.5714448360704636,5
-0.2502752628527515,-2.029975864946232,0.704575131840703,-0.2181679440672172,-1.5302009555134761,2.4596291842281,0.7936934819747061,-0.417813917547024,0.09723376612163613,2.217174965388647,0.8654863292734766,5
-0.5538537430851231,-0.6733345118543349,-0.1322199336098583,-0.6805904226425442,-0.731742799193461,0.31243321344429625,0.11351474086461742,-0.6506580696300676,0.3806257321493093,-0.17280533715454555,-0.01663815033556071,5
-0.4324223509921749,-0.5553656985419959,0.2338779075247622,-0.33377356371104905,-0.5908384186663994,-0.22436577925165468,1.0317560413632372,-0.5342359935885458,-0.39870217442679345,-0.7895744474882722,-0.5067073056739145,6
-1.4645891837822382,-0.4963812918858264,-1.3874125317856998,-0.9118016619302076,-1.8589778434099529,-1.2979637646435567,-1.1108069931335423,-1.3491905258793275,1.1599536387254088,1.6004058550549194,1.2575416535441581,6
-1.34315779168929,-0.732318918510504,-0.5506174663351387,-0.6805904226425442,-0.5908384186663994,-0.439085376330035,-0.6346818743564802,-0.7088691076508284,0.7348656896838991,0.7523483283460448,-0.3106796435385737,7
1.0247543541232094,-0.850287731822843,0.5999757486593827,-0.9118016619302076,4.1059742655689835,1.2786714002970079,1.5758990342513082,1.4100126763050875,-1.178030081002893,0.058483079220602266,-1.8789009406213055,5
-0.9181479193639694,2.305378024282222,0.12927852434344198,2.7875781666724073,-0.5438702918240454,-0.009646182173274296,-0.15855675557941806,-0.5516993049947612,1.5141935962599986,-0.7895744474882722,0.669458667138134,5
-0.7967165272710207,0.38838480795671493,-1.3874125317856998,-0.7961960422863761,-1.3892965749864148,-1.2979637646435567,-1.2128338043000555,-0.417813917547024,0.6640176981769824,-1.3292474190302839,-0.11465198140323113,5
-0.6145694391315978,0.8602600612060709,-1.2828131486043797,-0.2181679440672172,-0.4499340381393384,1.7081105944537687,1.643916908362317,-0.6157314468176369,0.02638577461471627,0.2897714955957501,0.6367873901156103,6
-0.675285135178072,-0.9092721384790126,0.28617759911542234,-0.44937918335488086,-0.9196153065628765,-0.009646182173274296,-0.5326550631899668,-1.1745574118169801,-0.6112461489475467,0.675252189554329,0.8654863292734766,7
-0.5538537430851231,1.5385807377520193,-0.3937183915631586,3.2500006452477344,0.583364752392446,0.41979301198348645,1.8479705306953436,0.23997081208762572,-1.1071820894959732,-0.9437667250717041,-0.8334200758994809,6
-0.8574322233174948,0.6243224345813929,-1.2828131486043797,-0.5649848029987127,-0.1681252770852152,0.31243321344429625,-0.46463718907895796,0.2341497082855755,0.5931697066700625,0.8294444671377608,-0.604721136741585,5
-0.8574322233174948,0.32940040130054543,-0.34141869997249846,-0.7383932324644602,-1.1074878139322917,-0.7611647719476056,-0.7367086855229934,-2.0360807745243577,0.45147372365622596,-1.175055141446852,1.2575416535441581,5
-0.6145694391315978,0.8602600612060709,-1.2828131486043797,-0.2181679440672172,-0.4499340381393384,1.7081105944537687,1.643916908362317,-0.6157314468176369,0.02638577461471627,0.2897714955957501,0.669458667138134,6
-0.5538537430851231,1.5385807377520193,-0.3937183915631586,3.2500006452477344,0.583364752392446,0.41979301198348645,1.8479705306953436,0.23997081208762572,-1.1071820894959732,-0.9437667250717041,-0.8007487988769275,6
-0.8574322233174948,0.6243224345813929,-1.2828131486043797,-0.5649848029987127,-0.1681252770852152,0.31243321344429625,-0.46463718907895796,0.2341497082855755,0.5931697066700625,0.8294444671377608,-0.604721136741585,5
-0.9181479193639694,0.8602600612060709,-1.3874125317856998,-0.5649848029987127,-0.07418902340050748,0.741872407601057,-0.15855675557941806,0.17011756646269974,0.5931697066700625,0.7523483283460448,-0.7027349678092571,5
-0.8574322233174948,0.32940040130054543,-1.3351128401950398,-0.5649848029987127,-0.07418902340050748,2.6743487813064806,0.3515773002531485,0.06533769802534306,0.5931697066700625,0.675252189554329,-0.7027349678092571,5
-0.675285135178072,-0.850287731822843,0.2338779075247622,-0.44937918335488086,-1.2014240676169994,-0.009646182173274296,-0.4986461261344624,-1.162915204212815,-0.6112461489475467,0.9065406059294767,0.8654863292734766,8
-0.675285135178072,-0.9092721384790126,0.28617759911542234,-0.44937918335488086,-0.9196153065628765,-0.009646182173274296,-0.5326550631899668,-1.1745574118169801,-0.6112461489475467,0.675252189554329,0.8654863292734766,7
-0.3109909588992261,-1.2041941717598597,0.9137738982033431,0.3598601541519414,1.053046020815984,-0.7611647719476056,-0.9067533708005157,0.3505717843270973,0.09723376612163613,1.0607328835129086,0.5714448360704636,7
-1.0395793114569183,0.32940040130054543,-1.2828131486043797,-0.44937918335488086,-0.9196153065628765,2.35226938568891,0.31756836319764403,-1.7333833768163882,0.23892974913547269,0.9065406059294767,1.1595278224764878,7
-0.4324223509921749,-0.2014592586049793,0.33847729070608246,-0.5649848029987127,-0.3559977844546307,1.2786714002970079,1.405854348973786,0.19922308547308018,0.6640176981769824,-0.4811898923214093,-1.3888317852829517,5
2.056921186913273,-0.4373968852296569,1.9074680384258844,-0.2181679440672172,-0.40296591129698456,-0.8685245704867958,-0.7026997484674891,1.7592789044296528,-0.7529421319613833,0.36686763438746517,0.4734310050027931,6
-1.1002950075033924,2.216901414297968,-1.3874125317856998,-0.9118016619302076,-1.3892965749864148,-0.6538049734084155,-0.9067533708005157,-1.1920207232231956,1.3016496217392455,-0.09570919836282961,0.4734310050027931,6
-1.4038734877357641,0.09346277467586815,-1.0736143822417394,-0.6805904226425442,-1.4832328286711223,2.4596291842281,1.5418900971958036,-2.53669570150294,-0.1153102083991203,-1.097959002655136,0.13038259626594578,6
-0.4324223509921749,-0.2014592586049793,0.33847729070608246,-0.5649848029987127,-0.3559977844546307,1.2786714002970079,1.405854348973786,0.19922308547308018,0.6640176981769824,-0.4811898923214093,-1.3888317852829517,5
0.05330321737962022,-1.381147391728368,0.704575131840703,-0.7961960422863761,-0.6847746723511071,-0.7611647719476056,-0.8047265596340023,-0.4003506061408087,0.5223217151631458,-0.32699761473797745,0.08137568073210971,5
-0.2502752628527515,-1.912007051633893,0.44307667388740235,-0.7961960422863761,-1.295360321301707,-0.8685245704867958,-0.9747712449115244,-1.2444106574419063,0.02638577461471627,1.2149251610963405,1.4535693156795009,7
-1.1610107035498665,-0.6143501051981654,-0.9167153074697593,-0.1025623244233859,-1.295360321301707,2.030189990071339,0.6916666708081928,0.30400295391050147,0.6640176981769824,0.2897714955957501,-0.01663815033556071,6
-1.2824420956428153,1.5385807377520193,-1.3874125317856998,-0.33377356371104905,-1.0135515602475842,-0.975884369025986,-1.0427891190225334,-0.04526327421412848,1.9392815453015084,-0.2499014759462615,-0.4086934746062441,4
-0.9181479193639694,0.6833068412375624,-1.2305134570137197,-0.1025623244233859,-0.3090296576122768,-0.11700598071246449,-0.43062825202345356,-0.7379746266612736,0.3097777406423894,-0.4811898923214093,-0.01663815033556071,6
-0.8574322233174948,0.6243224345813929,-1.3351128401950398,0.013043295220445918,-0.26206153076992295,-0.11700598071246449,-0.15855675557941806,-0.8718600141090106,0.16808175762855285,-0.8666705862799882,0.3754171739351227,6
-0.9181479193639694,0.38838480795671493,-0.8644156158790992,-0.7961960422863761,-0.8726471797205225,2.030189990071339,0.31756836319764403,-0.5342359935885458,0.6640176981769824,0.21267535680403415,-0.7027349678092571,5
-0.9181479193639694,0.38838480795671493,-0.8644156158790992,-0.7961960422863761,-0.8726471797205225,2.030189990071339,0.31756836319764403,-0.5342359935885458,0.6640176981769824,0.21267535680403415,-0.7027349678092571,5
-0.6145694391315978,-0.2604436652611488,0.28617759911542234,-0.33377356371104905,-0.9196153065628765,1.7081105944537687,0.3515773002531485,0.32728736911883166,-0.1153102083991203,0.058483079220602266,-0.4086934746062441,7
-0.9788636154104436,3.04268310748434,-0.9690149990604192,-0.1025623244233859,-0.6847746723511071,0.41979301198348645,-0.3966193149679491,-0.13840093504732004,1.443345604753082,-0.5582860311131252,0.5714448360704636,4
-0.6145694391315978,-0.2604436652611488,0.28617759911542234,-0.33377356371104905,-0.9196153065628765,1.7081105944537687,0.3515773002531485,0.32728736911883166,-0.1153102083991203,0.058483079220602266,-0.4086934746062441,7
-0.6145694391315978,2.688776667547323,-1.1259140738323996,-0.33377356371104905,-0.9665834334052303,0.5271528105226766,0.18153261497562628,0.19340198167102995,-0.044462216892200444,-0.7124783086965563,-0.7027349678092571,3
1.0247543541232094,0.9782288745184092,-0.8121159242884392,-1.1430129012178714,0.113683483968908,-0.7611647719476056,-0.6686908114119846,-0.5458782011927109,-3.090925851689685,-1.3292474190302839,-0.7027349678092571,5
-0.9788636154104436,1.0372132811745787,-0.9690149990604192,1.5737191604121743,-0.6847746723511071,-0.7611647719476056,-0.94076230785602,-1.9662275288994318,0.805713681190819,-0.9437667250717041,2.1396661331531956,5
-0.4324223509921749,-1.0272409517913514,1.7505689636539041,0.24425453450810958,-0.40296591129698456,0.8492322061402472,0.011487929698104114,-0.09183210463072426,0.45147372365622596,1.1378290223046246,0.669458667138134,6
-1.34315779168929,0.4473692146128844,-0.9690149990604192,-0.6805904226425442,-0.49690216498169226,-0.11700598071246449,0.04549686675360855,-1.9545853212952666,0.45147372365622596,-0.7895744474882722,0.5714448360704636,5
-1.8288833600610845,-0.31942807191731826,-0.8121159242884392,-0.2181679440672172,-1.57716908235583,0.0977136163659159,1.5418900971958036,-2.8510353068150747,1.5850415877669186,1.8316942714300672,3.0871331668073796,7
-1.8288833600610845,-0.31942807191731826,-0.8121159242884392,-0.2181679440672172,-1.57716908235583,0.0977136163659159,1.5418900971958036,-2.8510353068150747,1.5850415877669186,1.8316942714300672,3.1198044438299033,7
-0.7360008312245466,2.069440397657544,-1.1259140738323996,3.828028743466893,0.01974723028420026,-1.2979637646435567,-1.008780181967029,0.7929756732849188,0.5931697066700625,-0.9437667250717041,-0.2126658124709033,3
-0.0681281747133291,-1.4401317983845372,1.7505689636539041,0.7066770130834363,1.053046020815984,-0.5464451748692253,-0.7367086855229934,0.9093977493264406,0.5223217151631458,0.2897714955957501,0.17938951179978013,5
-1.6467362719216616,0.5653380279252235,-1.2305134570137197,-1.0274072815740394,-0.07418902340050748,-0.975884369025986,-1.0427891190225334,-1.0115665053588627,2.435217485849938,-0.17280533715454555,-0.3106796435385737,4
-0.0681281747133291,-1.4401317983845372,1.7505689636539041,0.7066770130834363,1.053046020815984,-0.5464451748692253,-0.7367086855229934,0.9093977493264406,0.5223217151631458,0.2897714955957501,0.17938951179978013,5
-0.675285135178072,0.32940040130054543,1.436770814109944,-0.33377356371104905,1.5227272892395227,-1.2979637646435567,-1.1788248672445512,0.27489743490012103,0.09723376612163613,-0.5582860311131252,-0.11465198140323113,4
-0.12884387075980322,-1.14520976510369,0.9137738982033431,-1.0274072815740394,-1.8589778434099529,-0.975884369025986,-1.0767980560780377,-0.7554379380674888,0.23892974913547269,-0.2499014759462615,0.27740334286745055,5
-0.9181479193639694,2.2758858209541373,-1.0736143822417394,-0.44937918335488086,-1.0135515602475842,-1.1906039661043664,-1.1108069931335423,-0.4643827479636198,1.5141935962599986,-0.018613059571113668,0.4734310050027931,4
-0.7967165272710207,0.7717834512218167,-0.5506174663351387,-0.33377356371104905,-0.3559977844546307,-0.7611647719476056,-0.6346818743564802,-0.3828872947345933,0.3806257321493093,-0.7124783086965563,-0.7027349678092571,5
-0.9181479193639694,0.9192444678622403,-0.2891190083818385,-0.33377356371104905,-0.5438702918240454,-0.6538049734084155,-0.7026997484674891,-0.7321535228591587,0.45147372365622596,-0.32699761473797745,-0.11465198140323113,5
-1.4038734877357641,0.6833068412375624,-1.1259140738323996,-0.5649848029987127,-0.731742799193461,-0.6538049734084155,-0.9067533708005157,-1.0232087129630278,1.443345604753082,1.0607328835129086,0.17938951179978013,5
-1.6467362719216616,0.09346277467586815,-1.1782137654230596,-0.7961960422863761,-1.5302009555134761,-1.0832441675651763,-1.0427891190225334,-1.4656126019208493,2.8603054348914476,-0.4811898923214093,0.9635001603411469,5
-1.2824420956428153,0.270415994644376,-0.8644156158790992,-0.33377356371104905,-1.57716908235583,-1.1906039661043664,-1.1108069931335423,-1.302621695462667,0.8765616726977357,0.9065406059294767,0.3754171739351227,6
-0.7360008312245466,-1.7940382383215543,1.1752723561566434,-0.6805904226425442,-1.9998822239370144,-0.7611647719476056,-0.8727444337450112,-1.9080164908786708,0.5223217151631458,-0.6353821699048403,1.9436384710178547,6
-1.6467362719216616,0.09346277467586815,-1.1782137654230596,-0.7961960422863761,-1.5302009555134761,-1.0832441675651763,-1.0427891190225334,-1.4656126019208493,2.8603054348914476,-0.4811898923214093,0.9635001603411469,5
-1.2824420956428153,0.7422912478937319,-1.0736143822417394,-0.9118016619302076,-1.4832328286711223,-0.975884369025986,-0.8727444337450112,-1.8847320756703405,1.7975855622876717,-0.7895744474882722,1.502576231213335,5
-1.1610107035498665,-1.2631785784160292,-0.9167153074697593,-1.1430129012178714,-0.731742799193461,-0.009646182173274296,-0.5326550631899668,-1.238589553639856,0.7348656896838991,0.4439637731791811,-0.4086934746062441,7
-0.7967165272710207,-0.5553656985419959,-1.2828131486043797,-0.5649848029987127,-0.07418902340050748,-0.009646182173274296,-0.5326550631899668,-1.0464931281712933,0.23892974913547269,1.2920212998880565,0.17938951179978013,6
-0.8574322233174948,1.2731509077992567,-1.2305134570137197,-0.1025623244233859,-1.295360321301707,-0.8685245704867958,-0.94076230785602,-0.9533554673381017,0.9474096642046556,-0.09570919836282961,1.0615139914088174,6
-1.0395793114569183,2.187409210969883,-1.1782137654230596,-0.1025623244233859,-0.6378065455087533,-0.8685245704867958,-1.0427891190225334,-0.5225937859843807,1.5141935962599986,-0.4811898923214093,0.3754171739351227,6
-0.8574322233174948,1.2731509077992567,-1.2305134570137197,-0.1025623244233859,-1.295360321301707,-0.8685245704867958,-0.94076230785602,-0.9533554673381017,0.9474096642046556,-0.09570919836282961,1.0615139914088174,6
-0.49313804703864905,1.1846742978150024,-1.1782137654230596,-1.0274072815740394,-0.26206153076992295,-0.7611647719476056,-0.9747712449115244,-0.9533554673381017,-0.39870217442679345,-0.8666705862799882,-0.8007487988769275,5
-0.3109909588992261,1.745026161048612,0.12927852434344198,2.2095500684532485,0.06671535712655413,0.6345126090618668,0.6916666708081928,-0.17332755785981535,-1.1071820894959732,-0.8666705862799882,-0.9967764610122684,5
-0.6145694391315978,0.3588926046286302,-0.4460180831538187,0.013043295220445918,-0.1681252770852152,-0.009646182173274296,0.5556309225861751,-0.19661197306808093,-0.044462216892200444,-0.7895744474882722,-0.604721136741585,5
-1.2824420956428153,-0.4963812918858264,0.6522754402500428,0.12864891486427774,-0.21509340392756907,-0.975884369025986,-1.008780181967029,-0.6797635886404481,1.3724976132461622,0.36686763438746517,0.5714448360704636,6
-0.49313804703864905,-0.850287731822843,1.5936698888819236,-0.1025623244233859,1.1469822745006917,-1.0832441675651763,-1.0767980560780377,-0.3887083985366436,0.3097777406423894,-0.7124783086965563,0.9635001603411469,6
-0.9788636154104436,1.3911197211115955,-1.2828131486043797,-0.6805904226425442,-0.1681252770852152,-0.975884369025986,-1.0767980560780377,-0.417813917547024,1.6558895792738353,-0.09570919836282961,-0.4577003901400802,3
-0.9181479193639694,1.686041754392443,-1.1259140738323996,-0.44937918335488086,-0.5438702918240454,-0.975884369025986,-1.008780181967029,-0.639015862025967,1.3724976132461622,0.1355792180123182,0.3754171739351227,6
-0.49313804703864905,-0.850287731822843,1.5936698888819236,-0.1025623244233859,1.1469822745006917,-1.0832441675651763,-1.0767980560780377,-0.3887083985366436,0.3097777406423894,-0.7124783086965563,0.9635001603411469,6
-0.7360008312245466,-1.4991162050407068,1.7505689636539041,-0.33377356371104905,-0.3559977844546307,0.20507341490510608,-0.6346818743564802,0.8279022960974141,0.45147372365622596,0.598156050762613,0.17938951179978013,6
-0.2502752628527515,-2.029975864946232,0.704575131840703,-0.6805904226425442,-0.9196153065628765,-0.8685245704867958,-0.8047265596340023,-1.52382363994161,-0.2570061914129569,0.4439637731791811,0.669458667138134,5
-1.1610107035498665,-0.968256545135182,-0.2891190083818385,-0.2181679440672172,-1.6241372091981838,1.1713116017578178,0.14752367792012186,-0.06272658562034382,1.0891056472184921,0.9836367447211927,-0.7027349678092571,6
-0.7360008312245466,0.9782288745184092,-1.1782137654230596,-0.33377356371104905,-0.6378065455087533,0.41979301198348645,-0.5666640002454713,0.2341497082855755,0.8765616726977357,0.21267535680403415,-0.604721136741585,5
-1.1610107035498665,1.5680729410801042,-1.1782137654230596,-0.2181679440672172,-0.9665834334052303,-0.439085376330035,-0.9067533708005157,-0.48766716317195,1.5141935962599986,0.058483079220602266,-0.01663815033556071,6
-1.1610107035498665,0.21143158798820713,-0.6029171579257989,-0.6805904226425442,-0.1681252770852152,0.20507341490510608,0.7256756078636972,-2.1990716809824753,0.09723376612163613,-0.32699761473797745,0.08137568073210971,6
-0.8574322233174948,1.8629949743609509,-0.2891190083818385,1.978338829165585,-0.3559977844546307,0.0977136163659159,0.7256756078636972,0.9908932025555317,1.5141935962599986,0.598156050762613,-1.160132846125056,6
-0.8574322233174948,1.8629949743609509,-0.2891190083818385,1.978338829165585,-0.3559977844546307,0.0977136163659159,0.7256756078636972,0.9908932025555317,1.5141935962599986,0.598156050762613,-1.1437972076137748,6
-1.34315779168929,-1.2041941717598597,-0.07992024201919819,-0.1025623244233859,-0.49690216498169226,0.8492322061402472,0.4876130484751662,-0.2257174920784614,0.7348656896838991,2.5255595205555097,0.17938951179978013,5
-1.1002950075033924,0.03447836801969866,-1.0736143822417394,-0.44937918335488086,-0.8726471797205225,1.4933909973753883,0.011487929698104114,-1.0639564395775087,0.45147372365622596,1.4462135774714875,-0.11465198140323113,6
-0.5538537430851231,-0.31942807191731826,1.0183732813846633,-0.2181679440672172,1.5227272892395227,-0.8685245704867958,-0.8047265596340023,-0.1442220388494349,0.02638577461471627,-0.09570919836282961,0.08137568073210971,5
-1.0395793114569183,1.0372132811745787,-0.9690149990604192,0.24425453450810958,1.1469822745006917,-0.11700598071246449,-0.5666640002454713,-0.03944217041201361,0.8765616726977357,-0.4811898923214093,-0.2126658124709033,5
-1.1002950075033924,0.03447836801969866,-1.0736143822417394,-0.44937918335488086,-0.8726471797205225,1.4933909973753883,0.011487929698104114,-1.0639564395775087,0.45147372365622596,1.4462135774714875,-0.11465198140323113,6
-0.8574322233174948,-0.2604436652611488,-0.34141869997249846,-0.5649848029987127,0.01974723028420026,-0.6538049734084155,-0.7026997484674891,-0.5051304745781654,0.5223217151631458,-1.637631974197147,-1.3398248697491157,4
-1.34315779168929,-1.2041941717598597,-0.07992024201919819,-0.1025623244233859,-0.49690216498169226,0.8492322061402472,0.4876130484751662,-0.2257174920784614,0.7348656896838991,2.5255595205555097,0.17938951179978013,5
-0.9181479193639694,-0.2604436652611488,-0.07992024201919819,-0.44937918335488086,-0.26206153076992295,1.4933909973753883,0.5896398596416795,-0.8252911836924148,0.16808175762855285,-0.32699761473797745,-0.01663815033556071,5
-1.4038734877357641,-0.6143501051981654,-0.3937183915631586,-0.44937918335488086,-0.3090296576122768,0.741872407601057,0.11351474086461742,-0.8718600141090106,0.5223217151631458,1.0607328835129086,-0.4086934746062441,6
-0.9788636154104436,-0.2604436652611488,-0.9690149990604192,-0.33377356371104905,-0.8256790528781687,0.31243321344429625,-0.3286014408569402,-0.6972269000467279,0.09723376612163613,-0.018613059571113668,-0.7027349678092571,5
-0.9181479193639694,-0.31942807191731826,-0.9690149990604192,-0.2181679440672172,-0.8256790528781687,0.31243321344429625,-0.1925656926349225,-0.6914057962446131,-0.1153102083991203,0.058483079220602266,-0.8007487988769275,6
-0.7360008312245466,0.03447836801969866,-1.0213146906510793,-0.7961960422863761,-0.49690216498169226,-0.009646182173274296,-0.6686908114119846,-0.9417132597339366,-0.18615819990603702,0.1355792180123182,0.3754171739351227,6
-0.2502752628527515,-1.381147391728368,1.1752723561566434,-0.2181679440672172,0.6773010060771537,0.6345126090618668,0.5216219855306706,0.2457919158897406,-0.044462216892200444,0.21267535680403415,-0.3106796435385737,6
-0.7360008312245466,0.9782288745184092,-0.9690149990604192,-0.33377356371104905,-0.8726471797205225,2.8890683783848607,0.2835594261421396,-0.37124508713042825,0.7348656896838991,-0.32699761473797745,-0.2126658124709033,6
-1.0395793114569183,-0.4963812918858264,-0.9167153074697593,-0.2181679440672172,-0.8726471797205225,-0.6538049734084155,-0.8727444337450112,-1.3259061106709973,0.7348656896838991,0.36686763438746517,0.8654863292734766,6
-1.34315779168929,1.0667054845026633,-0.8644156158790992,0.4754657737957727,-0.027220896558153608,-0.22436577925165468,-0.5326550631899668,-0.2373596996826265,2.0101295368084284,0.1355792180123182,-0.2126658124709033,5
-0.675285135178072,0.03447836801969866,-0.7075165411071189,-0.44937918335488086,-1.1074878139322917,0.31243321344429625,-0.7367086855229934,-0.5749837202030913,-0.7529421319613833,0.2897714955957501,-0.5067073056739145,6
-0.18955956680627734,-0.7913033251666736,0.1815782159341021,-0.5649848029987127,-0.3559977844546307,1.815470392992959,1.3718454119182815,0.2632552272959559,0.5223217151631458,-0.2499014759462615,-1.3888317852829517,5
-1.0395793114569183,0.21143158798820713,-0.6552168495164589,0.013043295220445918,-0.8256790528781687,-0.22436577925165468,-0.4986461261344624,-1.5994979893685863,0.7348656896838991,-0.17280533715454555,1.2575416535441581,7
-0.7967165272710207,0.15244718133203763,-0.7075165411071189,-0.2181679440672172,-0.3090296576122768,-0.009646182173274296,-0.2945925038014358,-0.4760249555677849,0.3097777406423894,-0.40409375352969334,-0.7027349678092571,6
-1.34315779168929,0.03447836801969866,-0.9690149990604192,-0.5649848029987127,-0.21509340392756907,0.9565920046794374,0.04549686675360855,-0.8369333912965153,2.0101295368084284,0.2897714955957501,-0.11465198140323113,6
-1.7681676640146098,0.32940040130054543,-0.9690149990604192,-0.5649848029987127,-1.060519687089938,0.5271528105226766,-0.43062825202345356,-1.0930619585879537,1.3016496217392455,-0.018613059571113668,-0.2126658124709033,6
-1.2824420956428153,0.6833068412375624,-0.9167153074697593,0.12864891486427774,-0.027220896558153608,-0.009646182173274296,-0.6006729373009757,-0.7787223532757545,1.7975855622876717,-0.09570919836282961,1.5515831467471712,5
-0.675285135178072,-0.7913033251666736,0.28617759911542234,-0.6805904226425442,-0.7787109260358148,2.030189990071339,0.5556309225861751,0.2457919158897406,1.0182576557115723,1.0607328835129086,-0.5067073056739145,5
-1.2824420956428153,-0.024506038636470828,-0.9690149990604192,2.3251556880970807,-0.49690216498169226,-0.439085376330035,-0.3966193149679491,-0.15004314265148516,1.726737570780755,-0.09570919836282961,1.1595278224764878,6
-0.5538537430851231,-1.6170850183530459,0.12927852434344198,-0.2181679440672172,-1.295360321301707,0.41979301198348645,0.18153261497562628,-0.033621066609963376,0.5931697066700625,0.9065406059294767,0.4734310050027931,7
-0.9788636154104436,1.951471584345205,-1.2828131486043797,-0.5649848029987127,-0.8256790528781687,1.4933909973753883,-0.1925656926349225,-1.162915204212815,-0.1153102083991203,-0.6353821699048403,0.3264102584012866,6
1.6926270106344268,-0.4963812918858264,0.8091745150220229,-0.2181679440672172,-0.8256790528781687,-0.11700598071246449,-0.8387354966895068,0.5019204831811144,-0.46955016593371013,-0.5582860311131252,-0.01663815033556071,6
0.05330321737962022,-0.9092721384790126,0.861474206612683,-0.1025623244233859,-0.8726471797205225,-0.3317255777908449,-0.8387354966895068,-0.7088691076508284,-1.0363340979890565,1.2920212998880565,0.7674724982058044,7
-1.1002950075033924,0.6243224345813929,0.33847729070608246,-0.6805904226425442,-1.060519687089938,0.0977136163659159,-0.5326550631899668,-0.8194700798903,0.3097777406423894,-0.018613059571113668,-0.3106796435385737,6
-0.7967165272710207,0.270415994644376,-1.2828131486043797,-0.44937918335488086,-0.4499340381393384,0.20507341490510608,-0.6006729373009757,-0.5633415125989263,0.3097777406423894,-0.2499014759462615,-0.2126658124709033,5
-1.2217263995963412,0.4473692146128844,-0.8644156158790992,-0.9118016619302076,-1.57716908235583,-0.3317255777908449,-0.6006729373009757,-2.1292184353575494,1.6558895792738353,-1.02086286386342,1.6495969778148416,5
1.753342706680901,-0.732318918510504,1.2275720477473036,-0.44937918335488086,0.8182053866042154,0.41979301198348645,0.2155415520311307,0.6474480782330165,-1.5322700385374828,-0.4811898923214093,-0.01663815033556071,5
-0.5538537430851231,-0.968256545135182,0.1815782159341021,-0.6805904226425442,-0.3559977844546307,0.20507341490510608,-0.6686908114119846,-1.4714337057228994,-0.5403981574406269,0.4439637731791811,0.9635001603411469,8
-0.7360008312245466,0.9192444678622403,-1.3874125317856998,-0.1025623244233859,0.25458786449596893,0.20507341490510608,-0.6006729373009757,0.6474480782330165,0.9474096642046556,-0.8666705862799882,-0.898762629944598,5
-0.7360008312245466,0.8602600612060709,-1.3874125317856998,-0.1025623244233859,0.06671535712655413,0.31243321344429625,-0.5666640002454713,0.5601315212018753,0.8765616726977357,-0.7895744474882722,-0.9967764610122684,5
-1.2217263995963412,0.9192444678622403,-1.3351128401950398,1.5159163505902586,1.0060778939736301,1.815470392992959,0.3515773002531485,-0.4993093707761151,1.3724976132461622,0.1355792180123182,0.8654863292734766,6
-0.6145694391315978,1.243658704471172,-1.3874125317856998,-0.2181679440672172,-0.07418902340050748,0.31243321344429625,-0.5326550631899668,0.5426682097956599,0.6640176981769824,-0.32699761473797745,-0.9967764610122684,5
-1.0395793114569183,1.951471584345205,-1.2828131486043797,0.013043295220445918,-0.9196153065628765,-0.009646182173274296,-0.7026997484674891,-0.2606441148909567,1.5850415877669186,-0.32699761473797745,0.5714448360704636,6
-0.7967165272710207,0.21143158798820713,-0.49831777474447864,-0.7961960422863761,-0.7787109260358148,-0.009646182173274296,-0.6686908114119846,-0.9184288445256065,0.8765616726977357,0.2897714955957501,0.13038259626594578,7
-1.0395793114569183,2.098932600985629,-1.1782137654230596,-0.2181679440672172,-0.731742799193461,-0.3317255777908449,-0.8047265596340023,-0.20825418067224605,1.5141935962599986,-0.6353821699048403,-0.5067073056739145,5
-1.0395793114569183,1.951471584345205,-1.2828131486043797,0.013043295220445918,-0.9196153065628765,-0.009646182173274296,-0.7026997484674891,-0.2606441148909567,1.5850415877669186,-0.32699761473797745,0.5714448360704636,6
-0.3109909588992261,0.4473692146128844,-0.02762055042853807,-0.44937918335488086,-0.07418902340050748,1.7081105944537687,2.97026545352699,-0.2897496339013371,-0.7529421319613833,-0.9437667250717041,-0.5067073056739145,5
-0.3109909588992261,0.4473692146128844,-0.02762055042853807,-0.44937918335488086,-0.07418902340050748,1.7081105944537687,2.97026545352699,-0.2897496339013371,-0.7529421319613833,-0.9437667250717041,-0.5067073056739145,5
-0.3109909588992261,0.4473692146128844,-0.02762055042853807,-0.44937918335488086,-0.07418902340050748,1.7081105944537687,2.97026545352699,-0.2897496339013371,-0.7529421319613833,-0.9437667250717041,-0.5067073056739145,5
-0.675285135178072,1.007721077846494,-0.7075165411071189,-0.44937918335488086,-0.26206153076992295,-0.3317255777908449,-0.8047265596340023,-0.7321535228591587,-0.18615819990603702,-0.7895744474882722,-0.3106796435385737,5
-0.675285135178072,1.007721077846494,-0.7075165411071189,-0.44937918335488086,-0.26206153076992295,-0.3317255777908449,-0.8047265596340023,-0.7321535228591587,-0.18615819990603702,-0.7895744474882722,-0.3106796435385737,5
-0.675285135178072,1.007721077846494,-0.7075165411071189,-0.44937918335488086,-0.26206153076992295,-0.3317255777908449,-0.8047265596340023,-0.7321535228591587,-0.18615819990603702,-0.7895744474882722,-0.3106796435385737,5
-0.9788636154104436,0.8602600612060709,-1.2828131486043797,-0.5649848029987127,-0.9665834334052303,1.1713116017578178,-0.05652994441290476,-1.0639564395775087,0.5223217151631458,1.3691174386797715,0.4734310050027931,6
-0.9788636154104436,-2.1479446782585705,1.9597677300165446,-0.33377356371104905,-1.060519687089938,0.9565920046794374,0.2835594261421396,-1.0348509205671281,0.16808175762855285,0.5210599119708971,0.7674724982058044,6
-0.675285135178072,1.007721077846494,-0.7075165411071189,-0.44937918335488086,-0.26206153076992295,-0.3317255777908449,-0.8047265596340023,-0.7321535228591587,-0.18615819990603702,-0.7895744474882722,-0.3106796435385737,5
-0.7967165272710207,0.21143158798820713,-0.7075165411071189,-0.9118016619302076,-0.21509340392756907,1.0639518032186277,-0.05652994441290476,-0.24900190728679159,0.16808175762855285,-0.40409375352969334,-1.192804123147611,5
-1.2824420956428153,-0.08349044529264033,-0.6552168495164589,-0.5649848029987127,-1.2014240676169994,-0.009646182173274296,-0.3286014408569402,-1.6053190931707013,1.1599536387254088,-0.5582860311131252,1.0615139914088174,6
-1.1610107035498665,-0.850287731822843,-0.6552168495164589,-0.2181679440672172,-2.0468503507793683,-0.009646182173274296,-0.6346818743564802,-0.9184288445256065,0.8765616726977357,0.058483079220602266,0.669458667138134,6
-0.6145694391315978,0.9782288745184092,0.28617759911542234,-0.2181679440672172,-0.5908384186663994,2.1375497886105297,2.0520241530283703,-0.23153859588057624,0.09723376612163613,-1.02086286386342,-0.898762629944598,5
-1.4038734877357641,0.32940040130054543,-0.34141869997249846,0.013043295220445918,-0.3090296576122768,-0.009646182173274296,0.2155415520311307,-1.1920207232231956,1.8684335537945918,0.21267535680403415,2.041652302085525,6
-0.49313804703864905,-0.024506038636470828,0.704575131840703,-0.2181679440672172,-1.0135515602475842,-0.3317255777908449,-0.8047265596340023,-1.1512729966087145,-0.39870217442679345,-0.018613059571113668,1.3555554846118303,6
-0.18955956680627734,-1.3221629850721985,1.9074680384258844,-0.9118016619302076,-0.027220896558153608,0.0977136163659159,-0.4986461261344624,-0.48766716317195,-0.1153102083991203,1.0607328835129086,0.3754171739351227,6
-1.2824420956428153,1.0372132811745787,-0.6029171579257989,3.134395025603902,-0.26206153076992295,-0.22436577925165468,-0.5666640002454713,-0.2897496339013371,1.5850415877669186,-0.32699761473797745,1.4535693156795009,6
-0.9181479193639694,0.8602600612060709,-0.6029171579257989,-0.6805904226425442,1.7105997966089375,-0.22436577925165468,-0.8047265596340023,-0.767080145671654,0.7348656896838991,0.21267535680403415,0.8654863292734766,6
-1.2824420956428153,0.21143158798820713,-0.9167153074697593,-0.7961960422863761,-1.342328448144061,0.9565920046794374,-0.3966193149679491,-1.570392470358206,1.5850415877669186,-0.32699761473797745,0.8654863292734766,5
-0.5538537430851231,-1.0272409517913514,0.33847729070608246,0.013043295220445918,-0.6378065455087533,-0.6538049734084155,-0.6006729373009757,-1.1745574118169801,0.3097777406423894,-0.32699761473797745,1.4535693156795009,6
-1.2824420956428153,0.21143158798820713,-0.9167153074697593,-0.7961960422863761,-1.342328448144061,0.9565920046794374,-0.3966193149679491,-1.570392470358206,1.5850415877669186,-0.32699761473797745,0.8654863292734766,5
-1.34315779168929,1.125689891158833,-0.8644156158790992,0.24425453450810958,-1.342328448144061,-0.22436577925165468,-0.5666640002454713,-1.803236622441314,1.7975855622876717,-1.097959002655136,1.4535693156795009,5
-1.2824420956428153,-0.3784124785734874,0.12927852434344198,-0.33377356371104905,-0.3559977844546307,1.815470392992959,1.8479705306953436,-0.5458782011927109,0.09723376612163613,-0.17280533715454555,-0.604721136741585,5
-0.9788636154104436,-1.2041941717598597,0.9137738982033431,0.013043295220445918,-0.9665834334052303,0.9565920046794374,-0.3286014408569402,-1.0930619585879537,-0.18615819990603702,1.2149251610963405,1.1595278224764878,7
-0.675285135178072,-0.7913033251666736,0.9137738982033431,0.24425453450810958,-0.731742799193461,0.741872407601057,0.14752367792012186,-1.0348509205671281,-0.1153102083991203,1.5233097162632034,1.0615139914088174,6
-0.49313804703864905,-1.2631785784160292,0.7568748234313628,0.013043295220445918,-0.7787109260358148,2.030189990071339,0.5556309225861751,-1.0464931281712933,0.16808175762855285,1.6004058550549194,0.9635001603411469,6
-1.5253048798287128,0.5063536212690539,-0.8121159242884392,-0.6805904226425442,-0.731742799193461,0.31243321344429625,-0.5326550631899668,-1.0988830623900039,1.6558895792738353,0.1355792180123182,0.4734310050027931,6
-0.675285135178072,0.8012756545499014,0.33847729070608246,0.12864891486427774,-0.6378065455087533,2.030189990071339,1.9840062789173614,-1.50053922473328,-0.32785418291987356,1.0607328835129086,2.335693795288538,6
-1.2217263995963412,0.15244718133203763,-0.6029171579257989,-0.6805904226425442,-0.21509340392756907,1.1713116017578178,-0.2945925038014358,-2.0826496049409533,0.02638577461471627,1.3691174386797715,1.1595278224764878,6
-1.7681676640146098,1.2731509077992567,-0.9167153074697593,-0.7961960422863761,0.3485241181806767,0.0977136163659159,-0.6006729373009757,-1.570392470358206,2.5060654773568545,-0.6353821699048403,1.1595278224764878,6
-1.2217263995963412,-0.08349044529264033,-0.7075165411071189,-0.1025623244233859,-0.26206153076992295,1.4933909973753883,-0.12454781852391363,-0.8660389103068958,0.7348656896838991,0.8294444671377608,0.5714448360704636,6
-0.9181479193639694,0.5653380279252235,-0.9690149990604192,-0.5649848029987127,-0.6378065455087533,1.3860311988361982,-0.1925656926349225,-0.1209376236411047,0.7348656896838991,1.3691174386797715,-0.898762629944598,6
-1.2824420956428153,0.4473692146128844,-0.9690149990604192,-0.44937918335488086,0.39549224502303054,1.815470392992959,0.011487929698104114,-1.0581353357754584,0.9474096642046556,-0.4811898923214093,0.08137568073210971,5
-1.4645891837822382,0.15244718133203763,-0.8644156158790992,-0.2181679440672172,-0.9196153065628765,2.56698898276729,0.24955048908663516,-0.9300710521297716,1.443345604753082,0.9065406059294767,0.7674724982058044,6
-1.2217263995963412,-0.08349044529264033,-0.7075165411071189,-0.1025623244233859,-0.26206153076992295,1.4933909973753883,-0.12454781852391363,-0.5691626164010412,0.7348656896838991,0.8294444671377608,0.5714448360704636,6
-1.4645891837822382,0.7127990445656471,-0.7598162326977791,-0.44937918335488086,-0.3090296576122768,1.815470392992959,0.011487929698104114,-0.7263324190571084,1.7975855622876717,0.5210599119708971,-0.2126658124709033,5
-1.4038734877357641,-1.2631785784160292,1.070672972975323,1.4003107309464269,-0.6847746723511071,0.31243321344429625,-0.05652994441290476,-0.7146902114529433,1.7975855622876717,0.1355792180123182,0.5714448360704636,6
